date,city,movie_title,cinema_name,time,format,language,event_type,availability,booking_url,scraped_at
2026-10-05,podlaska,Casino Royale,Biała Podlaska,19:00,2D,original,regular,1.0,https://tickets.cinema-city.pl/api/order/1690778?lang=pl,2026-10-05T16:54:28.081832
2026-10-05,podlaska,Rolling Loud. Film,Biała Podlaska,19:20,2D,original,regular,1.0,https://tickets.cinema-city.pl/api/order/1730298?lang=pl,2026-10-05T16:54:28.081859
2026-10-05,podlaska,Lalka,Biała Podlaska,20:00,2D,original,regular,1.0,https://tickets.cinema-city.pl/api/order/1725959?lang=pl,2026-10-05T16:54:28.081872
2026-10-05,podlaska,Lalka,Biała Podlaska,21:30,2D,original,regular,1.0,https://tickets.cinema-city.pl/api/order/1722154?lang=pl,2026-10-05T16:54:28.081884
2026-10-05,podlaska,Verity. Coraz większy mrok,Biała Podlaska,21:40,2D,original,regular,1.0,https://tickets.cinema-city.pl/api/order/1729519?lang=pl,2026-10-05T16:54:28.081898
2026-10-05,podlaska,Resident Evil,Biała Podlaska,22:00,2D,original,regular,1.0,https://tickets.cinema-city.pl/api/order/1727561?lang=pl,2026-10-05T16:54:28.081910
2026-10-05,bielsko-biała,Resident Evil,Bielsko-Biała,19:00,2D,original,regular,1.0,https://tickets.cinema-city.pl/api/order/1720271?lang=pl,2026-10-05T16:54:29.820358
2026-10-05,bielsko-biała,Lalka (ale to horror),Bielsko-Biała,19:00,2D,original,regular,1.0,https://tickets.cinema-city.pl/api/order/1720521?lang=pl,2026-10-05T16:54:29.820387
2026-10-05,bielsko-biała,W sercu dziczy,Bielsko-Biała,19:30,2D,original,regular,1.0,https://tickets.cinema-city.pl/api/order/1719713?lang=pl,2026-10-05T16:54:29.820402
2026-10-05,bielsko-biała,Lalka,Bielsko-Biała,19:45,2D,original,regular,1.0,https://tickets.cinema-city.pl/api/order/1720397?lang=pl,2026-10-05T16:54:29.820414
2026-10-05,bielsko-biała,Rolling Loud. Film,Bielsko-Biała,20:10,2D,original,regular,1.0,https://tickets.cinema-city.pl/api/order/1719752?lang=pl,2026-10-05T16:54:29.820425
2026-10-05,bielsko-biała,Odyseja,Bielsko-Biała,20:30,2D,original,regular,1.0,https://tickets.cinema-city.pl/api/order/1719868?lang=pl,2026-10-05T16:54:29.820437
2026-10-05,bielsko-biała,Avengers: Koniec gry – wersja rozszerzona,Bielsko-Biała,20:30,2D,original,regular,1.0,https://tickets.cinema-city.pl/api/order/1720118?lang=pl,2026-10-05T16:54:29.820452
2026-10-05,bielsko-biała,Lalka,Bielsko-Biała,21:00,2D,original,regular,1.0,https://tickets.cinema-city.pl/api/order/1720595?lang=pl,2026-10-05T16:54:29.820462
2026-10-05,bielsko-biała,Verity. Coraz większy mrok,Bielsko-Biała,21:15,2D,original,regular,1.0,https://tickets.cinema-city.pl/api/order/1719863?lang=pl,2026-10-05T16:54:29.820474
2026-10-05,bielsko-biała,Resident Evil,Bielsko-Biała,21:20,2D,original,regular,1.0,https://tickets.cinema-city.pl/api/order/1720277?lang=pl,2026-10-05T16:54:29.820485
2026-10-05,bielsko-biała,Lalka,Bielsko-Biała,21:30,2D,original,regular,1.0,https://tickets.cinema-city.pl/api/order/1719388?lang=pl,2026-10-05T16:54:29.820495
2026-10-05,bielsko-biała,Totalna magia 2,Bielsko-Biała,21:40,2D,original,regular,1.0,https://tickets.cinema-city.pl/api/order/1720009?lang=pl,2026-10-05T16:54:29.820507
2026-10-05,bielsko-biała,W sercu dziczy,Bielsko-Biała,22:00,2D,original,regular,1.0,https://tickets.cinema-city.pl/api/order/1719719?lang=pl,2026-10-05T16:54:29.820518
2026-10-05,bydgoszcz,W sercu dziczy,Bydgoszcz,18:40,2D,original,regular,1.0,https://tickets.cinema-city.pl/api/order/1726089?lang=pl,2026-10-05T16:54:30.975689
2026-10-05,bydgoszcz,Zapomniana wyspa,Bydgoszcz,18:50,2D,,regular,1.0,https://tickets.cinema-city.pl/api/order/1728075?lang=pl,2026-10-05T16:54:30.975711
2026-10-05,bydgoszcz,Lalka,Bydgoszcz,19:00,2D,original,regular,1.0,https://tickets.cinema-city.pl/api/order/1725905?lang=pl,2026-10-05T16:54:30.975722
2026-10-05,bydgoszcz,Rolling Loud. Film,Bydgoszcz,19:10,2D,original,regular,1.0,https://tickets.cinema-city.pl/api/order/1728111?lang=pl,2026-10-05T16:54:30.975732
2026-10-05,bydgoszcz,Verity. Coraz większy mrok,Bydgoszcz,19:20,2D,original,regular,1.0,https://tickets.cinema-city.pl/api/order/1728032?lang=pl,2026-10-05T16:54:30.975744
2026-10-05,bydgoszcz,Resident Evil,Bydgoszcz,19:30,2D,original,regular,1.0,https://tickets.cinema-city.pl/api/order/1726659?lang=pl,2026-10-05T16:54:30.975753
2026-10-05,bydgoszcz,Lalka,Bydgoszcz,20:00,2D,original,regular,1.0,https://tickets.cinema-city.pl/api/order/1728141?lang=pl,2026-10-05T16:54:30.975763
2026-10-05,bydgoszcz,Lalka (ale to horror),Bydgoszcz,20:15,2D,original,regular,1.0,https://tickets.cinema-city.pl/api/order/1725947?lang=pl,2026-10-05T16:54:30.975772
2026-10-05,bydgoszcz,Avengers: Koniec gry – wersja rozszerzona,Bydgoszcz,20:30,2D,original,regular,1.0,https://tickets.cinema-city.pl/api/order/1728017?lang=pl,2026-10-05T16:54:30.975784
2026-10-05,bydgoszcz,Verity. Coraz większy mrok,Bydgoszcz,20:45,4DX,original,regular,1.0,https://tickets.cinema-city.pl/api/order/1727987?lang=pl,2026-10-05T16:54:30.975792
2026-10-05,bydgoszcz,W sercu dziczy,Bydgoszcz,21:10,2D,original,regular,1.0,https://tickets.cinema-city.pl/api/order/1726027?lang=pl,2026-10-05T16:54:30.975801
2026-10-05,bydgoszcz,Niebo nad Normandią,Bydgoszcz,21:20,2D,original,regular,1.0,https://tickets.cinema-city.pl/api/order/1728081?lang=pl,2026-10-05T16:54:30.975812
2026-10-05,bydgoszcz,Lalka,Bydgoszcz,21:30,2D,original,regular,1.0,https://tickets.cinema-city.pl/api/order/1725236?lang=pl,2026-10-05T16:54:30.975821
2026-10-05,bydgoszcz,Rolling Loud. Film,Bydgoszcz,21:30,2D,original,regular,1.0,https://tickets.cinema-city.pl/api/order/1728117?lang=pl,2026-10-05T16:54:30.975830
2026-10-05,bydgoszcz,Resident Evil,Bydgoszcz,21:45,2D,original,regular,1.0,https://tickets.cinema-city.pl/api/order/1726665?lang=pl,2026-10-05T16:54:30.975839
2026-10-05,bydgoszcz,Tony,Bydgoszcz,22:00,2D,original,regular,1.0,https://tickets.cinema-city.pl/api/order/1725266?lang=pl,2026-10-05T16:54:30.975849
2026-10-05,bydgoszcz,W sercu dziczy,Bydgoszcz,22:00,2D,original,regular,1.0,https://tickets.cinema-city.pl/api/order/1726700?lang=pl,2026-10-05T16:54:30.975857
2026-10-05,bydgoszcz,Verity. Coraz większy mrok,Bydgoszcz,22:00,2D,original,regular,1.0,https://tickets.cinema-city.pl/api/order/1728029?lang=pl,2026-10-05T16:54:30.975867
2026-10-05,bydgoszcz,Ma to sens,Bydgoszcz,22:20,2D,original,regular,1.0,https://tickets.cinema-city.pl/api/order/1725953?lang=pl,2026-10-05T16:54:30.975876
2026-10-05,bydgoszcz,Hot Spot,Bydgoszcz,22:30,2D,original,regular,1.0,https://tickets.cinema-city.pl/api/order/1725917?lang=pl,2026-10-05T16:54:30.975886
2026-10-05,bytom,Lalka,Bytom,19:00,2D,original,regular,1.0,https://tickets.cinema-city.pl/api/order/1725334?lang=pl,2026-10-05T16:54:32.021475
2026-10-05,bytom,Resident Evil,Bytom,19:20,2D,original,regular,1.0,https://tickets.cinema-city.pl/api/order/1724078?lang=pl,2026-10-05T16:54:32.021498
2026-10-05,bytom,Rolling Loud. Film,Bytom,19:40,2D,original,regular,1.0,https://tickets.cinema-city.pl/api/order/1722971?lang=pl,2026-10-05T16:54:32.021511
2026-10-05,bytom,W sercu dziczy,Bytom,20:00,2D,original,regular,1.0,https://tickets.cinema-city.pl/api/order/1723642?lang=pl,2026-10-05T16:54:32.021523
2026-10-05,bytom,Avengers: Koniec gry – wersja rozszerzona,Bytom,20:10,2D,original,regular,1.0,https://tickets.cinema-city.pl/api/order/1724869?lang=pl,2026-10-05T16:54:32.021538
2026-10-05,bytom,Spider-Man: Całkiem nowy dzień,Bytom,21:10,2D,original,regular,1.0,https://tickets.cinema-city.pl/api/order/1725123?lang=pl,2026-10-05T16:54:32.021551
2026-10-05,bytom,Lalka,Bytom,21:30,2D,original,regular,1.0,https://tickets.cinema-city.pl/api/order/1724599?lang=pl,2026-10-05T16:54:32.021562
2026-10-05,bytom,Verity. Coraz większy mrok,Bytom,21:40,2D,original,regular,1.0,https://tickets.cinema-city.pl/api/order/1722133?lang=pl,2026-10-05T16:54:32.021574
2026-10-05,bytom,Resident Evil,Bytom,21:40,2D,original,regular,1.0,https://tickets.cinema-city.pl/api/order/1724084?lang=pl,2026-10-05T16:54:32.021584
2026-10-05,bytom,Rolling Loud. Film,Bytom,22:00,2D,original,regular,1.0,https://tickets.cinema-city.pl/api/order/1722977?lang=pl,2026-10-05T16:54:32.021595
2026-10-05,cieszyn,Casino Royale,Cieszyn,19:00,2D,original,regular,1.0,https://tickets.cinema-city.pl/api/order/1690537?lang=pl,2026-10-05T16:54:33.039162
2026-10-05,cieszyn,Verity. Coraz większy mrok,Cieszyn,19:20,2D,original,regular,1.0,https://tickets.cinema-city.pl/api/order/1720610?lang=pl,2026-10-05T16:54:33.039188
2026-10-05,cieszyn,Avengers: Koniec gry – wersja rozszerzona,Cieszyn,20:45,2D,original,regular,1.0,https://tickets.cinema-city.pl/api/order/1720120?lang=pl,2026-10-05T16:54:33.039207
2026-10-05,cieszyn,Lalka,Cieszyn,21:30,2D,original,regular,1.0,https://tickets.cinema-city.pl/api/order/1719968?lang=pl,2026-10-05T16:54:33.039219
2026-10-05,cieszyn,Verity. Coraz większy mrok,Cieszyn,22:00,2D,original,regular,1.0,https://tickets.cinema-city.pl/api/order/1720616?lang=pl,2026-10-05T16:54:33.039230
2026-10-05,cieszyn,Resident Evil,Cieszyn,22:10,2D,original,regular,1.0,https://tickets.cinema-city.pl/api/order/1720381?lang=pl,2026-10-05T16:54:33.039241
2026-10-05,częstochowa,Verity. Coraz większy mrok,Częstochowa - Galeria Jurajska,18:50,2D,original,regular,1.0,https://tickets.cinema-city.pl/api/order/1729334?lang=pl,2026-10-05T16:54:34.466975
2026-10-05,częstochowa,Casino Royale,Częstochowa - Galeria Jurajska,19:00,2D,original,regular,1.0,https://tickets.cinema-city.pl/api/order/1690639?lang=pl,2026-10-05T16:54:34.467004
2026-10-05,częstochowa,Rolling Loud. Film,Częstochowa - Galeria Jurajska,19:20,2D,original,regular,1.0,https://tickets.cinema-city.pl/api/order/1728367?lang=pl,2026-10-05T16:54:34.467018
2026-10-05,częstochowa,Lalka,Częstochowa - Galeria Jurajska,19:30,2D,original,regular,1.0,https://tickets.cinema-city.pl/api/order/1724358?lang=pl,2026-10-05T16:54:34.467031
2026-10-05,częstochowa,Resident Evil,Częstochowa - Galeria Jurajska,19:45,2D,original,regular,1.0,https://tickets.cinema-city.pl/api/order/1729737?lang=pl,2026-10-05T16:54:34.467044
2026-10-05,częstochowa,Lalka,Częstochowa - Galeria Jurajska,20:30,2D,original,regular,1.0,https://tickets.cinema-city.pl/api/order/1726379?lang=pl,2026-10-05T16:54:34.467056
2026-10-05,częstochowa,Lalka,Częstochowa - Galeria Jurajska,21:00,2D,original,regular,1.0,https://tickets.cinema-city.pl/api/order/1723742?lang=pl,2026-10-05T16:54:34.467068
2026-10-05,częstochowa,Verity. Coraz większy mrok,Częstochowa - Galeria Jurajska,21:30,2D,original,regular,1.0,https://tickets.cinema-city.pl/api/order/1729335?lang=pl,2026-10-05T16:54:34.467081
2026-10-05,częstochowa,Rolling Loud. Film,Częstochowa - Galeria Jurajska,21:40,2D,original,regular,1.0,https://tickets.cinema-city.pl/api/order/1728372?lang=pl,2026-10-05T16:54:34.467094
2026-10-05,częstochowa,W sercu dziczy,Częstochowa - Galeria Jurajska,22:00,2D,original,regular,1.0,https://tickets.cinema-city.pl/api/order/1725458?lang=pl,2026-10-05T16:54:34.467106
2026-10-05,częstochowa,Resident Evil,Częstochowa - Galeria Jurajska,22:00,2D,original,regular,1.0,https://tickets.cinema-city.pl/api/order/1729742?lang=pl,2026-10-05T16:54:34.467119
2026-10-05,częstochowa,Resident Evil,Częstochowa - Wolność,18:50,2D,original,regular,1.0,https://tickets.cinema-city.pl/api/order/1720043?lang=pl,2026-10-05T16:54:35.929624
2026-10-05,częstochowa,Lalka,Częstochowa - Wolność,19:00,2D,original,regular,1.0,https://tickets.cinema-city.pl/api/order/1719945?lang=pl,2026-10-05T16:54:35.929647
2026-10-05,częstochowa,W sercu dziczy,Częstochowa - Wolność,19:15,2D,original,regular,1.0,https://tickets.cinema-city.pl/api/order/1722493?lang=pl,2026-10-05T16:54:35.929659
2026-10-05,częstochowa,Avengers: Koniec gry – wersja rozszerzona,Częstochowa - Wolność,19:30,2D,original,regular,1.0,https://tickets.cinema-city.pl/api/order/1721456?lang=pl,2026-10-05T16:54:35.929673
2026-10-05,częstochowa,Rolling Loud. Film,Częstochowa - Wolność,20:00,2D,original,regular,1.0,https://tickets.cinema-city.pl/api/order/1722198?lang=pl,2026-10-05T16:54:35.929682
2026-10-05,częstochowa,Odyseja,Częstochowa - Wolność,21:10,2D,original,regular,1.0,https://tickets.cinema-city.pl/api/order/1720048?lang=pl,2026-10-05T16:54:35.929692
2026-10-05,częstochowa,Verity. Coraz większy mrok,Częstochowa - Wolność,21:20,2D,original,regular,1.0,https://tickets.cinema-city.pl/api/order/1722020?lang=pl,2026-10-05T16:54:35.929703
2026-10-05,częstochowa,Lalka,Częstochowa - Wolność,21:30,2D,original,regular,1.0,https://tickets.cinema-city.pl/api/order/1721617?lang=pl,2026-10-05T16:54:35.929711
2026-10-05,częstochowa,W sercu dziczy,Częstochowa - Wolność,21:40,2D,original,regular,1.0,https://tickets.cinema-city.pl/api/order/1722517?lang=pl,2026-10-05T16:54:35.929720
2026-10-05,częstochowa,Resident Evil,Częstochowa - Wolność,21:50,2D,original,regular,1.0,https://tickets.cinema-city.pl/api/order/1720981?lang=pl,2026-10-05T16:54:35.929729
2026-10-05,elbląg,Resident Evil,Elbląg,19:20,2D,original,regular,1.0,https://tickets.cinema-city.pl/api/order/1723694?lang=pl,2026-10-05T16:54:37.014290
2026-10-05,elbląg,Verity. Coraz większy mrok,Elbląg,19:40,2D,original,regular,1.0,https://tickets.cinema-city.pl/api/order/1723314?lang=pl,2026-10-05T16:54:37.014319
2026-10-05,elbląg,Lalka,Elbląg,19:50,2D,original,regular,1.0,https://tickets.cinema-city.pl/api/order/1722070?lang=pl,2026-10-05T16:54:37.014331
2026-10-05,elbląg,Avengers: Koniec gry – wersja rozszerzona,Elbląg,20:30,2D,original,regular,1.0,https://tickets.cinema-city.pl/api/order/1723147?lang=pl,2026-10-05T16:54:37.014344
2026-10-05,elbląg,Lalka,Elbląg,21:30,2D,original,regular,1.0,https://tickets.cinema-city.pl/api/order/1722836?lang=pl,2026-10-05T16:54:37.014353
2026-10-05,elbląg,Resident Evil,Elbląg,21:30,2D,original,regular,1.0,https://tickets.cinema-city.pl/api/order/1723698?lang=pl,2026-10-05T16:54:37.014362
2026-10-05,elbląg,W sercu dziczy,Elbląg,21:40,2D,original,regular,1.0,https://tickets.cinema-city.pl/api/order/1723915?lang=pl,2026-10-05T16:54:37.014372
2026-10-05,elbląg,Verity. Coraz większy mrok,Elbląg,22:15,2D,original,regular,1.0,https://tickets.cinema-city.pl/api/order/1723257?lang=pl,2026-10-05T16:54:37.014381
2026-10-05,gliwice,Lalka,Gliwice,19:00,2D,original,regular,1.0,https://tickets.cinema-city.pl/api/order/1720540?lang=pl,2026-10-05T16:54:37.966704
2026-10-05,gliwice,Resident Evil,Gliwice,19:00,2D,original,regular,1.0,https://tickets.cinema-city.pl/api/order/1729611?lang=pl,2026-10-05T16:54:37.966726
2026-10-05,gliwice,W sercu dziczy,Gliwice,19:30,2D,original,regular,1.0,https://tickets.cinema-city.pl/api/order/1724463?lang=pl,2026-10-05T16:54:37.966738
2026-10-05,gliwice,100 dni: Misja Zeus,Gliwice,19:30,2D,,regular,1.0,https://tickets.cinema-city.pl/api/order/1728414?lang=pl,2026-10-05T16:54:37.966748
2026-10-05,gliwice,Avengers: Koniec gry – wersja rozszerzona,Gliwice,20:00,2D,original,regular,1.0,https://tickets.cinema-city.pl/api/order/1726588?lang=pl,2026-10-05T16:54:37.966762
2026-10-05,gliwice,Rolling Loud. Film,Gliwice,20:10,2D,original,regular,1.0,https://tickets.cinema-city.pl/api/order/1722037?lang=pl,2026-10-05T16:54:37.966772
2026-10-05,gliwice,Lalka,Gliwice,20:30,2D,original,regular,1.0,https://tickets.cinema-city.pl/api/order/1721252?lang=pl,2026-10-05T16:54:37.966782
2026-10-05,gliwice,Hot Spot,Gliwice,20:30,2D,original,regular,1.0,https://tickets.cinema-city.pl/api/order/1729819?lang=pl,2026-10-05T16:54:37.966793
2026-10-05,gliwice,Lalka,Gliwice,21:00,2D,original,regular,1.0,https://tickets.cinema-city.pl/api/order/1729970?lang=pl,2026-10-05T16:54:37.966802
2026-10-05,gliwice,Verity. Coraz większy mrok,Gliwice,21:10,2D,original,regular,1.0,https://tickets.cinema-city.pl/api/order/1721295?lang=pl,2026-10-05T16:54:37.966814
2026-10-05,gliwice,Resident Evil,Gliwice,21:15,2D,original,regular,1.0,https://tickets.cinema-city.pl/api/order/1729606?lang=pl,2026-10-05T16:54:37.966824
2026-10-05,gliwice,Lalka,Gliwice,21:30,2D,original,regular,1.0,https://tickets.cinema-city.pl/api/order/1720327?lang=pl,2026-10-05T16:54:37.966834
2026-10-05,gliwice,Spider-Man: Całkiem nowy dzień,Gliwice,21:30,2D,original,regular,1.0,https://tickets.cinema-city.pl/api/order/1722495?lang=pl,2026-10-05T16:54:37.966844
2026-10-05,gliwice,Totalna magia 2,Gliwice,21:45,2D,original,regular,1.0,https://tickets.cinema-city.pl/api/order/1727945?lang=pl,2026-10-05T16:54:37.966855
2026-10-05,gliwice,W sercu dziczy,Gliwice,22:00,2D,original,regular,1.0,https://tickets.cinema-city.pl/api/order/1724467?lang=pl,2026-10-05T16:54:37.966864
2026-10-05,gliwice,100 dni: Misja Zeus,Gliwice,22:00,2D,,regular,1.0,https://tickets.cinema-city.pl/api/order/1728419?lang=pl,2026-10-05T16:54:37.966872
2026-10-05,gliwice,Verity. Coraz większy mrok,Gliwice,22:20,2D,original,regular,1.0,https://tickets.cinema-city.pl/api/order/1730266?lang=pl,2026-10-05T16:54:37.966882
2026-10-05,katowice,Resident Evil,Katowice - Punkt 44,18:40,2D,original,regular,1.0,https://tickets.cinema-city.pl/api/order/1730141?lang=pl,2026-10-05T16:54:39.593609
2026-10-05,katowice,Tony,Katowice - Punkt 44,18:50,2D,original,regular,1.0,https://tickets.cinema-city.pl/api/order/1730344?lang=pl,2026-10-05T16:54:39.593633
2026-10-05,katowice,Casino Royale,Katowice - Punkt 44,19:00,2D,original,regular,1.0,https://tickets.cinema-city.pl/api/order/1690735?lang=pl,2026-10-05T16:54:39.593648
2026-10-05,katowice,Verity. Coraz większy mrok,Katowice - Punkt 44,19:10,2D,original,regular,1.0,https://tickets.cinema-city.pl/api/order/1728726?lang=pl,2026-10-05T16:54:39.593660
2026-10-05,katowice,Lalka,Katowice - Punkt 44,19:30,2D,original,regular,1.0,https://tickets.cinema-city.pl/api/order/1729782?lang=pl,2026-10-05T16:54:39.593671
2026-10-05,katowice,W sercu dziczy,Katowice - Punkt 44,19:50,2D,original,regular,1.0,https://tickets.cinema-city.pl/api/order/1727050?lang=pl,2026-10-05T16:54:39.593681
2026-10-05,katowice,Avengers: Koniec gry – wersja rozszerzona,Katowice - Punkt 44,20:20,2D,original,regular,1.0,https://tickets.cinema-city.pl/api/order/1726642?lang=pl,2026-10-05T16:54:39.593693
2026-10-05,katowice,Rolling Loud. Film,Katowice - Punkt 44,20:20,2D,original,regular,1.0,https://tickets.cinema-city.pl/api/order/1729908?lang=pl,2026-10-05T16:54:39.593703
2026-10-05,katowice,Lalka,Katowice - Punkt 44,20:30,2D,original,regular,1.0,https://tickets.cinema-city.pl/api/order/1724885?lang=pl,2026-10-05T16:54:39.593713
2026-10-05,katowice,Odyseja,Katowice - Punkt 44,20:40,2D,original,regular,1.0,https://tickets.cinema-city.pl/api/order/1730400?lang=pl,2026-10-05T16:54:39.593724
2026-10-05,katowice,Spider-Man: Całkiem nowy dzień,Katowice - Punkt 44,20:50,2D,original,regular,1.0,https://tickets.cinema-city.pl/api/order/1726183?lang=pl,2026-10-05T16:54:39.593735
2026-10-05,katowice,Dzień dziecka księdza Jana Kaczkowskiego,Katowice - Punkt 44,21:00,2D,original,regular,1.0,https://tickets.cinema-city.pl/api/order/1730145?lang=pl,2026-10-05T16:54:39.593751
2026-10-05,katowice,Lalka,Katowice - Punkt 44,21:10,2D,original,regular,1.0,https://tickets.cinema-city.pl/api/order/1731771?lang=pl,2026-10-05T16:54:39.593761
2026-10-05,katowice,Nie patrz w dół 2,Katowice - Punkt 44,21:20,2D,original,regular,1.0,https://tickets.cinema-city.pl/api/order/1730338?lang=pl,2026-10-05T16:54:39.593772
2026-10-05,katowice,Lalka,Katowice - Punkt 44,21:30,IMAX,original,regular,1.0,https://tickets.cinema-city.pl/api/order/1730462?lang=pl,2026-10-05T16:54:39.593778
2026-10-05,katowice,Verity. Coraz większy mrok,Katowice - Punkt 44,21:50,2D,original,regular,1.0,https://tickets.cinema-city.pl/api/order/1728732?lang=pl,2026-10-05T16:54:39.593788
2026-10-05,katowice,Resident Evil,Katowice - Punkt 44,22:00,2D,original,regular,1.0,https://tickets.cinema-city.pl/api/order/1729349?lang=pl,2026-10-05T16:54:39.593798
2026-10-05,katowice,Gwiazdozbiór psa,Katowice - Punkt 44,22:00,2D,original,regular,1.0,https://tickets.cinema-city.pl/api/order/1729568?lang=pl,2026-10-05T16:54:39.593808
2026-10-05,katowice,Niebo nad Normandią,Katowice - Punkt 44,22:00,2D,original,regular,1.0,https://tickets.cinema-city.pl/api/order/1731217?lang=pl,2026-10-05T16:54:39.593819
2026-10-05,katowice,100 dni: Misja Zeus,Katowice - Silesia,18:50,2D,,regular,1.0,https://tickets.cinema-city.pl/api/order/1725711?lang=pl,2026-10-05T16:54:40.708761
2026-10-05,katowice,Lalka,Katowice - Silesia,19:00,2D,original,regular,1.0,https://tickets.cinema-city.pl/api/order/1725637?lang=pl,2026-10-05T16:54:40.708784
2026-10-05,katowice,W sercu dziczy,Katowice - Silesia,19:20,2D,original,regular,1.0,https://tickets.cinema-city.pl/api/order/1725777?lang=pl,2026-10-05T16:54:40.708796
2026-10-05,katowice,Lalka (ale to horror),Katowice - Silesia,19:40,2D,original,regular,1.0,https://tickets.cinema-city.pl/api/order/1727521?lang=pl,2026-10-05T16:54:40.708807
2026-10-05,katowice,Tony,Katowice - Silesia,19:50,2D,original,regular,1.0,https://tickets.cinema-city.pl/api/order/1726338?lang=pl,2026-10-05T16:54:40.708818
2026-10-05,katowice,Resident Evil,Katowice - Silesia,20:00,2D,original,regular,1.0,https://tickets.cinema-city.pl/api/order/1725675?lang=pl,2026-10-05T16:54:40.708828
2026-10-05,katowice,Avengers: Koniec gry – wersja rozszerzona,Katowice - Silesia,20:00,2D,original,regular,1.0,https://tickets.cinema-city.pl/api/order/1725831?lang=pl,2026-10-05T16:54:40.708842
2026-10-05,katowice,Lalka,Katowice - Silesia,20:20,2D,original,regular,1.0,https://tickets.cinema-city.pl/api/order/1726308?lang=pl,2026-10-05T16:54:40.708852
2026-10-05,katowice,Odyseja,Katowice - Silesia,20:30,2D,original,regular,1.0,https://tickets.cinema-city.pl/api/order/1725801?lang=pl,2026-10-05T16:54:40.708863
2026-10-05,katowice,Verity. Coraz większy mrok,Katowice - Silesia,20:40,2D,original,regular,1.0,https://tickets.cinema-city.pl/api/order/1727567?lang=pl,2026-10-05T16:54:40.708875
2026-10-05,katowice,Rolling Loud. Film,Katowice - Silesia,20:50,2D,original,regular,1.0,https://tickets.cinema-city.pl/api/order/1725753?lang=pl,2026-10-05T16:54:40.708885
2026-10-05,katowice,100 dni: Misja Zeus,Katowice - Silesia,21:20,2D,,regular,1.0,https://tickets.cinema-city.pl/api/order/1725717?lang=pl,2026-10-05T16:54:40.708893
2026-10-05,katowice,Lalka,Katowice - Silesia,21:30,2D,original,regular,1.0,https://tickets.cinema-city.pl/api/order/1725653?lang=pl,2026-10-05T16:54:40.708904
2026-10-05,katowice,Spa Weekend,Katowice - Silesia,21:40,2D,original,regular,1.0,https://tickets.cinema-city.pl/api/order/1727468?lang=pl,2026-10-05T16:54:40.708913
2026-10-05,katowice,Naznaczony: Wyjście z mrocznego wymiaru,Katowice - Silesia,21:40,2D,original,regular,1.0,https://tickets.cinema-city.pl/api/order/1727526?lang=pl,2026-10-05T16:54:40.708924
2026-10-05,katowice,W sercu dziczy,Katowice - Silesia,21:50,2D,original,regular,1.0,https://tickets.cinema-city.pl/api/order/1725771?lang=pl,2026-10-05T16:54:40.708934
2026-10-05,katowice,Resident Evil,Katowice - Silesia,22:05,2D,original,regular,1.0,https://tickets.cinema-city.pl/api/order/1725681?lang=pl,2026-10-05T16:54:40.708944
2026-10-05,katowice,Niebo nad Normandią,Katowice - Silesia,22:20,2D,original,regular,1.0,https://tickets.cinema-city.pl/api/order/1726333?lang=pl,2026-10-05T16:54:40.708955
2026-10-05,katowice,Ma to sens,Katowice - Silesia,22:30,2D,original,regular,1.0,https://tickets.cinema-city.pl/api/order/1725825?lang=pl,2026-10-05T16:54:40.708965
2026-10-05,kraków,Mistyczka,Kraków - Bonarka,18:40,2D,original,regular,1.0,https://tickets.cinema-city.pl/api/order/1729153?lang=pl,2026-10-05T16:54:41.738109
2026-10-05,kraków,Lalka,Kraków - Bonarka,19:00,2D,original,regular,1.0,https://tickets.cinema-city.pl/api/order/1719651?lang=pl,2026-10-05T16:54:41.738139
2026-10-05,kraków,Resident Evil,Kraków - Bonarka,19:00,2D,original,regular,1.0,https://tickets.cinema-city.pl/api/order/1727753?lang=pl,2026-10-05T16:54:41.738155
2026-10-05,kraków,Verity. Coraz większy mrok,Kraków - Bonarka,19:10,2D,original,regular,1.0,https://tickets.cinema-city.pl/api/order/1725988?lang=pl,2026-10-05T16:54:41.738173
2026-10-05,kraków,Verity. Coraz większy mrok,Kraków - Bonarka,19:20,2D,original,regular,1.0,https://tickets.cinema-city.pl/api/order/1724949?lang=pl,2026-10-05T16:54:41.738189
2026-10-05,kraków,Rolling Loud. Film,Kraków - Bonarka,19:20,2D,original,regular,1.0,https://tickets.cinema-city.pl/api/order/1729189?lang=pl,2026-10-05T16:54:41.738204
2026-10-05,kraków,Nie patrz w dół 2,Kraków - Bonarka,19:30,2D,original,regular,1.0,https://tickets.cinema-city.pl/api/order/1724067?lang=pl,2026-10-05T16:54:41.738219
2026-10-05,kraków,Lalka,Kraków - Bonarka,19:30,2D,original,regular,1.0,https://tickets.cinema-city.pl/api/order/1725283?lang=pl,2026-10-05T16:54:41.738234
2026-10-05,kraków,W sercu dziczy,Kraków - Bonarka,19:30,2D,original,regular,1.0,https://tickets.cinema-city.pl/api/order/1727597?lang=pl,2026-10-05T16:54:41.738248
2026-10-05,kraków,Casino Royale,Kraków - Bonarka,19:30,2D,original,regular,1.0,https://tickets.cinema-city.pl/api/order/1729282?lang=pl,2026-10-05T16:54:41.738264
2026-10-05,kraków,Lalka (ale to horror),Kraków - Bonarka,19:40,2D,original,regular,1.0,https://tickets.cinema-city.pl/api/order/1729225?lang=pl,2026-10-05T16:54:41.738328
2026-10-05,kraków,Lalka,Kraków - Bonarka,20:00,2D,original,regular,1.0,https://tickets.cinema-city.pl/api/order/1727433?lang=pl,2026-10-05T16:54:41.738346
2026-10-05,kraków,Dzień dziecka księdza Jana Kaczkowskiego,Kraków - Bonarka,20:00,2D,original,regular,1.0,https://tickets.cinema-city.pl/api/order/1729117?lang=pl,2026-10-05T16:54:41.738361
2026-10-05,kraków,Verity. Coraz większy mrok ukraiński dubbing,Kraków - Bonarka,20:20,2D,dubbing,regular,1.0,https://tickets.cinema-city.pl/api/order/1728259?lang=pl,2026-10-05T16:54:41.738375
2026-10-05,kraków,Avengers: Koniec gry – wersja rozszerzona,Kraków - Bonarka,20:30,2D,original,regular,1.0,https://tickets.cinema-city.pl/api/order/1726959?lang=pl,2026-10-05T16:54:41.738391
2026-10-05,kraków,Verity. Coraz większy mrok,Kraków - Bonarka,20:40,4DX,original,regular,1.0,https://tickets.cinema-city.pl/api/order/1722907?lang=pl,2026-10-05T16:54:41.738403
2026-10-05,kraków,100 dni: Misja Zeus,Kraków - Bonarka,20:40,2D,,regular,1.0,https://tickets.cinema-city.pl/api/order/1726272?lang=pl,2026-10-05T16:54:41.738415
2026-10-05,kraków,Odyseja,Kraków - Bonarka,20:50,2D,original,regular,1.0,https://tickets.cinema-city.pl/api/order/1729147?lang=pl,2026-10-05T16:54:41.738429
2026-10-05,kraków,Resident Evil,Kraków - Bonarka,21:15,2D,original,regular,1.0,https://tickets.cinema-city.pl/api/order/1727759?lang=pl,2026-10-05T16:54:41.738443
2026-10-05,kraków,Lalka,Kraków - Bonarka,21:30,2D,original,regular,1.0,https://tickets.cinema-city.pl/api/order/1727113?lang=pl,2026-10-05T16:54:41.738456
2026-10-05,kraków,Tony,Kraków - Bonarka,21:40,2D,original,regular,1.0,https://tickets.cinema-city.pl/api/order/1720417?lang=pl,2026-10-05T16:54:41.738470
2026-10-05,kraków,Obcy,Kraków - Bonarka,21:40,2D,original,regular,1.0,https://tickets.cinema-city.pl/api/order/1729183?lang=pl,2026-10-05T16:54:41.738484
2026-10-05,kraków,Nie patrz w dół 2,Kraków - Bonarka,21:50,2D,original,regular,1.0,https://tickets.cinema-city.pl/api/order/1724097?lang=pl,2026-10-05T16:54:41.738498
2026-10-05,kraków,Verity. Coraz większy mrok,Kraków - Bonarka,21:50,2D,original,regular,1.0,https://tickets.cinema-city.pl/api/order/1725994?lang=pl,2026-10-05T16:54:41.738513
2026-10-05,kraków,Naznaczony: Wyjście z mrocznego wymiaru,Kraków - Bonarka,21:50,2D,original,regular,1.0,https://tickets.cinema-city.pl/api/order/1729219?lang=pl,2026-10-05T16:54:41.738528
2026-10-05,kraków,Verity. Coraz większy mrok,Kraków - Bonarka,22:00,2D,original,regular,1.0,https://tickets.cinema-city.pl/api/order/1724955?lang=pl,2026-10-05T16:54:41.738542
2026-10-05,kraków,Niebo nad Normandią,Kraków - Bonarka,22:00,2D,original,regular,1.0,https://tickets.cinema-city.pl/api/order/1725615?lang=pl,2026-10-05T16:54:41.738555
2026-10-05,kraków,W sercu dziczy,Kraków - Bonarka,22:00,2D,original,regular,1.0,https://tickets.cinema-city.pl/api/order/1727603?lang=pl,2026-10-05T16:54:41.738567
2026-10-05,kraków,Gwiazdozbiór psa,Kraków - Bonarka,22:00,2D,original,regular,1.0,https://tickets.cinema-city.pl/api/order/1729111?lang=pl,2026-10-05T16:54:41.738577
2026-10-05,kraków,Lalka (ale to horror),Kraków - Bonarka,22:30,2D,original,regular,1.0,https://tickets.cinema-city.pl/api/order/1719657?lang=pl,2026-10-05T16:54:41.738587
2026-10-05,kraków,Verity. Coraz większy mrok,Kraków - Galeria Kazimierz,18:40,2D,original,regular,1.0,https://tickets.cinema-city.pl/api/order/1729293?lang=pl,2026-10-05T16:54:43.393934
2026-10-05,kraków,Lalka,Kraków - Galeria Kazimierz,19:00,2D,original,regular,1.0,https://tickets.cinema-city.pl/api/order/1724164?lang=pl,2026-10-05T16:54:43.393962
2026-10-05,kraków,Rolling Loud. Film,Kraków - Galeria Kazimierz,19:20,2D,original,regular,1.0,https://tickets.cinema-city.pl/api/order/1724986?lang=pl,2026-10-05T16:54:43.393976
2026-10-05,kraków,Avengers: Koniec gry – wersja rozszerzona,Kraków - Galeria Kazimierz,19:30,2D,original,regular,1.0,https://tickets.cinema-city.pl/api/order/1727700?lang=pl,2026-10-05T16:54:43.393993
2026-10-05,kraków,Resident Evil,Kraków - Galeria Kazimierz,19:45,2D,original,regular,1.0,https://tickets.cinema-city.pl/api/order/1728806?lang=pl,2026-10-05T16:54:43.394007
2026-10-05,kraków,W sercu dziczy,Kraków - Galeria Kazimierz,20:10,2D,original,regular,1.0,https://tickets.cinema-city.pl/api/order/1723966?lang=pl,2026-10-05T16:54:43.394020
2026-10-05,kraków,Spider-Man: Całkiem nowy dzień,Kraków - Galeria Kazimierz,20:30,2D,original,regular,1.0,https://tickets.cinema-city.pl/api/order/1729510?lang=pl,2026-10-05T16:54:43.394033
2026-10-05,kraków,Verity. Coraz większy mrok,Kraków - Galeria Kazimierz,21:20,2D,original,regular,1.0,https://tickets.cinema-city.pl/api/order/1729299?lang=pl,2026-10-05T16:54:43.394045
2026-10-05,kraków,Lalka,Kraków - Galeria Kazimierz,21:30,2D,original,regular,1.0,https://tickets.cinema-city.pl/api/order/1726882?lang=pl,2026-10-05T16:54:43.394057
2026-10-05,kraków,Rolling Loud. Film,Kraków - Galeria Kazimierz,21:40,2D,original,regular,1.0,https://tickets.cinema-city.pl/api/order/1724992?lang=pl,2026-10-05T16:54:43.394068
2026-10-05,kraków,Birthday Party,Kraków - Galeria Kazimierz,21:45,2D,original,regular,1.0,https://tickets.cinema-city.pl/api/order/1726139?lang=pl,2026-10-05T16:54:43.394080
2026-10-05,kraków,Resident Evil,Kraków - Galeria Kazimierz,22:00,2D,original,regular,1.0,https://tickets.cinema-city.pl/api/order/1728812?lang=pl,2026-10-05T16:54:43.394091
2026-10-05,kraków,Hot Spot,Kraków - Galeria Kazimierz,22:25,2D,original,regular,1.0,https://tickets.cinema-city.pl/api/order/1724170?lang=pl,2026-10-05T16:54:43.394105
2026-10-05,kraków,Tony,Kraków - Galeria Kazimierz,22:30,2D,original,regular,1.0,https://tickets.cinema-city.pl/api/order/1723972?lang=pl,2026-10-05T16:54:43.394117
2026-10-05,kraków,Casino Royale,Kraków - Zakopianka,19:00,2D,original,regular,1.0,https://tickets.cinema-city.pl/api/order/1690624?lang=pl,2026-10-05T16:54:44.700614
2026-10-05,kraków,Rolling Loud. Film,Kraków - Zakopianka,19:00,2D,original,regular,1.0,https://tickets.cinema-city.pl/api/order/1723022?lang=pl,2026-10-05T16:54:44.700640
2026-10-05,kraków,Lalka,Kraków - Zakopianka,19:30,2D,original,regular,1.0,https://tickets.cinema-city.pl/api/order/1730422?lang=pl,2026-10-05T16:54:44.700654
2026-10-05,kraków,W sercu dziczy,Kraków - Zakopianka,19:40,2D,original,regular,1.0,https://tickets.cinema-city.pl/api/order/1725050?lang=pl,2026-10-05T16:54:44.700667
2026-10-05,kraków,100 dni: Misja Zeus,Kraków - Zakopianka,19:45,2D,,regular,1.0,https://tickets.cinema-city.pl/api/order/1722672?lang=pl,2026-10-05T16:54:44.700678
2026-10-05,kraków,Lalka,Kraków - Zakopianka,20:30,2D,original,regular,1.0,https://tickets.cinema-city.pl/api/order/1730443?lang=pl,2026-10-05T16:54:44.700690
2026-10-05,kraków,Resident Evil,Kraków - Zakopianka,20:45,2D,original,regular,1.0,https://tickets.cinema-city.pl/api/order/1722399?lang=pl,2026-10-05T16:54:44.700702
2026-10-05,kraków,Verity. Coraz większy mrok,Kraków - Zakopianka,20:50,2D,original,regular,1.0,https://tickets.cinema-city.pl/api/order/1730365?lang=pl,2026-10-05T16:54:44.700717
2026-10-05,kraków,Avengers: Koniec gry – wersja rozszerzona,Kraków - Zakopianka,21:00,2D,original,regular,1.0,https://tickets.cinema-city.pl/api/order/1730144?lang=pl,2026-10-05T16:54:44.700732
2026-10-05,kraków,Rolling Loud. Film,Kraków - Zakopianka,21:20,2D,original,regular,1.0,https://tickets.cinema-city.pl/api/order/1723028?lang=pl,2026-10-05T16:54:44.700744
2026-10-05,kraków,Lalka,Kraków - Zakopianka,21:30,IMAX,original,regular,1.0,https://tickets.cinema-city.pl/api/order/1730486?lang=pl,2026-10-05T16:54:44.700752
2026-10-05,kraków,Niebo nad Normandią,Kraków - Zakopianka,22:00,2D,original,regular,1.0,https://tickets.cinema-city.pl/api/order/1722236?lang=pl,2026-10-05T16:54:44.700766
2026-10-05,kraków,W sercu dziczy,Kraków - Zakopianka,22:00,2D,original,regular,1.0,https://tickets.cinema-city.pl/api/order/1725056?lang=pl,2026-10-05T16:54:44.700777
2026-10-05,lublin,Lalka,Lublin - Felicity,19:00,2D,original,regular,1.0,https://tickets.cinema-city.pl/api/order/1724665?lang=pl,2026-10-05T16:54:45.656558
2026-10-05,lublin,Verity. Coraz większy mrok,Lublin - Felicity,19:40,2D,original,regular,1.0,https://tickets.cinema-city.pl/api/order/1723491?lang=pl,2026-10-05T16:54:45.656583
2026-10-05,lublin,Dzień dziecka księdza Jana Kaczkowskiego,Lublin - Felicity,20:00,2D,original,regular,1.0,https://tickets.cinema-city.pl/api/order/1720836?lang=pl,2026-10-05T16:54:45.656596
2026-10-05,lublin,W sercu dziczy,Lublin - Felicity,20:00,2D,original,regular,1.0,https://tickets.cinema-city.pl/api/order/1721626?lang=pl,2026-10-05T16:54:45.656607
2026-10-05,lublin,Lalka,Lublin - Felicity,21:30,2D,original,regular,1.0,https://tickets.cinema-city.pl/api/order/1721083?lang=pl,2026-10-05T16:54:45.656617
2026-10-05,lublin,Rolling Loud. Film,Lublin - Felicity,21:30,2D,original,regular,1.0,https://tickets.cinema-city.pl/api/order/1723038?lang=pl,2026-10-05T16:54:45.656627
2026-10-05,lublin,Resident Evil,Lublin - Felicity,22:00,2D,original,regular,1.0,https://tickets.cinema-city.pl/api/order/1720791?lang=pl,2026-10-05T16:54:45.656638
2026-10-05,lublin,Verity. Coraz większy mrok,Lublin - Plaza,18:40,2D,original,regular,1.0,https://tickets.cinema-city.pl/api/order/1729801?lang=pl,2026-10-05T16:54:46.826119
2026-10-05,lublin,W sercu dziczy,Lublin - Plaza,18:50,2D,original,regular,1.0,https://tickets.cinema-city.pl/api/order/1730108?lang=pl,2026-10-05T16:54:46.826142
2026-10-05,lublin,Casino Royale,Lublin - Plaza,19:00,2D,original,regular,1.0,https://tickets.cinema-city.pl/api/order/1690549?lang=pl,2026-10-05T16:54:46.826155
2026-10-05,lublin,Lalka,Lublin - Plaza,19:30,2D,original,regular,1.0,https://tickets.cinema-city.pl/api/order/1721159?lang=pl,2026-10-05T16:54:46.826166
2026-10-05,lublin,Rolling Loud. Film,Lublin - Plaza,19:40,2D,original,regular,1.0,https://tickets.cinema-city.pl/api/order/1730079?lang=pl,2026-10-05T16:54:46.826176
2026-10-05,lublin,Avengers: Koniec gry – wersja rozszerzona,Lublin - Plaza,20:00,2D,original,regular,1.0,https://tickets.cinema-city.pl/api/order/1730126?lang=pl,2026-10-05T16:54:46.826189
2026-10-05,lublin,Odyseja,Lublin - Plaza,20:40,2D,original,regular,1.0,https://tickets.cinema-city.pl/api/order/1726435?lang=pl,2026-10-05T16:54:46.826200
2026-10-05,lublin,Lalka,Lublin - Plaza,21:00,2D,original,regular,1.0,https://tickets.cinema-city.pl/api/order/1720890?lang=pl,2026-10-05T16:54:46.826209
2026-10-05,lublin,W sercu dziczy,Lublin - Plaza,21:20,2D,original,regular,1.0,https://tickets.cinema-city.pl/api/order/1730114?lang=pl,2026-10-05T16:54:46.826219
2026-10-05,lublin,Verity. Coraz większy mrok,Lublin - Plaza,21:30,2D,original,regular,1.0,https://tickets.cinema-city.pl/api/order/1729822?lang=pl,2026-10-05T16:54:46.826229
2026-10-05,lublin,Resident Evil,Lublin - Plaza,22:00,2D,original,regular,1.0,https://tickets.cinema-city.pl/api/order/1729348?lang=pl,2026-10-05T16:54:46.826239
2026-10-05,lublin,Rolling Loud. Film,Lublin - Plaza,22:00,2D,original,regular,1.0,https://tickets.cinema-city.pl/api/order/1730085?lang=pl,2026-10-05T16:54:46.826248
2026-10-05,łódź,Zapomniana wyspa,Łódź Manufaktura,18:45,2D,,regular,1.0,https://tickets.cinema-city.pl/api/order/1723124?lang=pl,2026-10-05T16:54:48.233062
2026-10-05,łódź,Casino Royale,Łódź Manufaktura,19:00,2D,original,regular,1.0,https://tickets.cinema-city.pl/api/order/1718513?lang=pl,2026-10-05T16:54:48.233086
2026-10-05,łódź,Verity. Coraz większy mrok,Łódź Manufaktura,19:10,2D,original,regular,1.0,https://tickets.cinema-city.pl/api/order/1721330?lang=pl,2026-10-05T16:54:48.233101
2026-10-05,łódź,Lalka,Łódź Manufaktura,19:30,2D,original,regular,1.0,https://tickets.cinema-city.pl/api/order/1720663?lang=pl,2026-10-05T16:54:48.233111
2026-10-05,łódź,Rolling Loud. Film,Łódź Manufaktura,19:30,2D,original,regular,1.0,https://tickets.cinema-city.pl/api/order/1723094?lang=pl,2026-10-05T16:54:48.233122
2026-10-05,łódź,W sercu dziczy,Łódź Manufaktura,19:30,2D,original,regular,1.0,https://tickets.cinema-city.pl/api/order/1723478?lang=pl,2026-10-05T16:54:48.233132
2026-10-05,łódź,Lalka (ale to horror),Łódź Manufaktura,19:40,2D,original,regular,1.0,https://tickets.cinema-city.pl/api/order/1723868?lang=pl,2026-10-05T16:54:48.233142
2026-10-05,łódź,Lalka,Łódź Manufaktura,20:30,2D,original,regular,1.0,https://tickets.cinema-city.pl/api/order/1719917?lang=pl,2026-10-05T16:54:48.233152
2026-10-05,łódź,Avengers: Koniec gry – wersja rozszerzona,Łódź Manufaktura,20:30,2D,original,regular,1.0,https://tickets.cinema-city.pl/api/order/1721115?lang=pl,2026-10-05T16:54:48.233164
2026-10-05,łódź,Resident Evil,Łódź Manufaktura,20:45,2D,original,regular,1.0,https://tickets.cinema-city.pl/api/order/1721483?lang=pl,2026-10-05T16:54:48.233174
2026-10-05,łódź,Verity. Coraz większy mrok,Łódź Manufaktura,20:45,4DX,original,regular,1.0,https://tickets.cinema-city.pl/api/order/1722591?lang=pl,2026-10-05T16:54:48.233182
2026-10-05,łódź,Totalna magia 2,Łódź Manufaktura,20:50,2D,original,regular,1.0,https://tickets.cinema-city.pl/api/order/1720484?lang=pl,2026-10-05T16:54:48.233193
2026-10-05,łódź,Spider-Man: Całkiem nowy dzień,Łódź Manufaktura,21:15,2D,original,regular,1.0,https://tickets.cinema-city.pl/api/order/1723174?lang=pl,2026-10-05T16:54:48.233204
2026-10-05,łódź,Lalka,Łódź Manufaktura,21:30,IMAX,original,regular,1.0,https://tickets.cinema-city.pl/api/order/1724594?lang=pl,2026-10-05T16:54:48.233210
2026-10-05,łódź,Hot Spot,Łódź Manufaktura,21:40,2D,original,regular,1.0,https://tickets.cinema-city.pl/api/order/1723778?lang=pl,2026-10-05T16:54:48.233221
2026-10-05,łódź,Verity. Coraz większy mrok,Łódź Manufaktura,21:50,2D,original,regular,1.0,https://tickets.cinema-city.pl/api/order/1721335?lang=pl,2026-10-05T16:54:48.233231
2026-10-05,łódź,Rolling Loud. Film,Łódź Manufaktura,21:50,2D,original,regular,1.0,https://tickets.cinema-city.pl/api/order/1723100?lang=pl,2026-10-05T16:54:48.233241
2026-10-05,łódź,Avengers: Koniec gry – wersja rozszerzona,Łódź Manufaktura,21:50,2D,original,regular,1.0,https://tickets.cinema-city.pl/api/order/1724428?lang=pl,2026-10-05T16:54:48.233252
2026-10-05,łódź,Lalka,Łódź Manufaktura,22:00,2D,original,regular,1.0,https://tickets.cinema-city.pl/api/order/1723454?lang=pl,2026-10-05T16:54:48.233262
2026-10-05,łódź,W sercu dziczy,Łódź Manufaktura,22:00,2D,original,regular,1.0,https://tickets.cinema-city.pl/api/order/1723484?lang=pl,2026-10-05T16:54:48.233308
2026-10-05,łódź,Resident Evil,Łódź Manufaktura,22:10,2D,original,regular,1.0,https://tickets.cinema-city.pl/api/order/1721956?lang=pl,2026-10-05T16:54:48.233323
2026-10-05,poznań,Zapomniana wyspa,Poznań - Kinepolis,18:40,2D,,regular,1.0,https://tickets.cinema-city.pl/api/order/1726918?lang=pl,2026-10-05T16:54:49.760534
2026-10-05,poznań,Spider-Man: Całkiem nowy dzień,Poznań - Kinepolis,19:00,2D,original,regular,1.0,https://tickets.cinema-city.pl/api/order/1725409?lang=pl,2026-10-05T16:54:49.760566
2026-10-05,poznań,Lalka,Poznań - Kinepolis,19:00,2D,original,regular,1.0,https://tickets.cinema-city.pl/api/order/1727619?lang=pl,2026-10-05T16:54:49.760579
2026-10-05,poznań,Lalka (ale to horror),Poznań - Kinepolis,19:20,2D,original,regular,1.0,https://tickets.cinema-city.pl/api/order/1725581?lang=pl,2026-10-05T16:54:49.760591
2026-10-05,poznań,Casino Royale,Poznań - Kinepolis,19:30,2D,original,regular,1.0,https://tickets.cinema-city.pl/api/order/1690556?lang=pl,2026-10-05T16:54:49.760604
2026-10-05,poznań,W sercu dziczy,Poznań - Kinepolis,19:30,2D,original,regular,1.0,https://tickets.cinema-city.pl/api/order/1722719?lang=pl,2026-10-05T16:54:49.760616
2026-10-05,poznań,Resident Evil,Poznań - Kinepolis,19:30,2D,original,regular,1.0,https://tickets.cinema-city.pl/api/order/1725136?lang=pl,2026-10-05T16:54:49.760626
2026-10-05,poznań,Rolling Loud. Film,Poznań - Kinepolis,19:40,2D,original,regular,1.0,https://tickets.cinema-city.pl/api/order/1723343?lang=pl,2026-10-05T16:54:49.760636
2026-10-05,poznań,Spider-Man: Całkiem nowy dzień,Poznań - Kinepolis,19:40,2D,original,regular,1.0,https://tickets.cinema-city.pl/api/order/1728909?lang=pl,2026-10-05T16:54:49.760646
2026-10-05,poznań,Dzień dziecka księdza Jana Kaczkowskiego,Poznań - Kinepolis,20:00,2D,original,regular,1.0,https://tickets.cinema-city.pl/api/order/1724130?lang=pl,2026-10-05T16:54:49.760657
2026-10-05,poznań,Lalka,Poznań - Kinepolis,20:00,2D,original,regular,1.0,https://tickets.cinema-city.pl/api/order/1724552?lang=pl,2026-10-05T16:54:49.760666
2026-10-05,poznań,Avengers: Koniec gry – wersja rozszerzona Infinity Vision,Poznań - Kinepolis,20:20,2D,original,regular,1.0,https://tickets.cinema-city.pl/api/order/1724854?lang=pl,2026-10-05T16:54:49.760678
2026-10-05,poznań,Odyseja,Poznań - Kinepolis,20:40,2D,original,regular,1.0,https://tickets.cinema-city.pl/api/order/1723991?lang=pl,2026-10-05T16:54:49.760688
2026-10-05,poznań,Verity. Coraz większy mrok,Poznań - Kinepolis,20:40,2D,original,regular,1.0,https://tickets.cinema-city.pl/api/order/1729767?lang=pl,2026-10-05T16:54:49.760699
2026-10-05,poznań,Resident Evil,Poznań - Kinepolis,20:50,2D,original,regular,1.0,https://tickets.cinema-city.pl/api/order/1729409?lang=pl,2026-10-05T16:54:49.760709
2026-10-05,poznań,Verity. Coraz większy mrok,Poznań - Kinepolis,21:00,2D,original,regular,1.0,https://tickets.cinema-city.pl/api/order/1727144?lang=pl,2026-10-05T16:54:49.760719
2026-10-05,poznań,100 dni: Misja Zeus,Poznań - Kinepolis,21:20,2D,,regular,1.0,https://tickets.cinema-city.pl/api/order/1726924?lang=pl,2026-10-05T16:54:49.760727
2026-10-05,poznań,Nie patrz w dół 2,Poznań - Kinepolis,21:30,2D,original,regular,1.0,https://tickets.cinema-city.pl/api/order/1725587?lang=pl,2026-10-05T16:54:49.760737
2026-10-05,poznań,Lalka,Poznań - Kinepolis,21:30,2D,original,regular,1.0,https://tickets.cinema-city.pl/api/order/1727389?lang=pl,2026-10-05T16:54:49.760747
2026-10-05,poznań,Resident Evil,Poznań - Kinepolis,21:45,2D,original,regular,1.0,https://tickets.cinema-city.pl/api/order/1725142?lang=pl,2026-10-05T16:54:49.760757
2026-10-05,poznań,W sercu dziczy,Poznań - Kinepolis,21:50,2D,original,regular,1.0,https://tickets.cinema-city.pl/api/order/1722725?lang=pl,2026-10-05T16:54:49.760766
2026-10-05,poznań,Rolling Loud. Film,Poznań - Kinepolis,22:00,2D,original,regular,1.0,https://tickets.cinema-city.pl/api/order/1723349?lang=pl,2026-10-05T16:54:49.760775
2026-10-05,poznań,Niebo nad Normandią,Poznań - Kinepolis,22:00,2D,original,regular,1.0,https://tickets.cinema-city.pl/api/order/1724136?lang=pl,2026-10-05T16:54:49.760786
2026-10-05,poznań,Obsesja,Poznań - Kinepolis,22:00,2D,original,regular,1.0,https://tickets.cinema-city.pl/api/order/1725415?lang=pl,2026-10-05T16:54:49.760795
2026-10-05,poznań,Naznaczony: Wyjście z mrocznego wymiaru,Poznań - Kinepolis,22:00,2D,original,regular,1.0,https://tickets.cinema-city.pl/api/order/1727960?lang=pl,2026-10-05T16:54:49.760806
2026-10-05,poznań,Resident Evil,Poznań - Plaza,19:10,2D,original,regular,1.0,https://tickets.cinema-city.pl/api/order/1727900?lang=pl,2026-10-05T16:54:51.366632
2026-10-05,poznań,Lalka,Poznań - Plaza,19:30,2D,original,regular,1.0,https://tickets.cinema-city.pl/api/order/1725871?lang=pl,2026-10-05T16:54:51.366656
2026-10-05,poznań,Rolling Loud. Film,Poznań - Plaza,19:40,2D,original,regular,1.0,https://tickets.cinema-city.pl/api/order/1727364?lang=pl,2026-10-05T16:54:51.366668
2026-10-05,poznań,Casino Royale,Poznań - Plaza,19:50,2D,original,regular,1.0,https://tickets.cinema-city.pl/api/order/1722627?lang=pl,2026-10-05T16:54:51.366680
2026-10-05,poznań,W sercu dziczy,Poznań - Plaza,20:00,2D,original,regular,1.0,https://tickets.cinema-city.pl/api/order/1726995?lang=pl,2026-10-05T16:54:51.366692
2026-10-05,poznań,Avengers: Koniec gry – wersja rozszerzona,Poznań - Plaza,20:30,2D,original,regular,1.0,https://tickets.cinema-city.pl/api/order/1722250?lang=pl,2026-10-05T16:54:51.366707
2026-10-05,poznań,Lalka,Poznań - Plaza,20:30,2D,original,regular,1.0,https://tickets.cinema-city.pl/api/order/1727096?lang=pl,2026-10-05T16:54:51.366717
2026-10-05,poznań,Verity. Coraz większy mrok,Poznań - Plaza,21:10,2D,original,regular,1.0,https://tickets.cinema-city.pl/api/order/1722983?lang=pl,2026-10-05T16:54:51.366728
2026-10-05,poznań,Resident Evil,Poznań - Plaza,21:30,2D,original,regular,1.0,https://tickets.cinema-city.pl/api/order/1727905?lang=pl,2026-10-05T16:54:51.366739
2026-10-05,poznań,Lalka,Poznań - Plaza,21:30,IMAX,original,regular,1.0,https://tickets.cinema-city.pl/api/order/1728134?lang=pl,2026-10-05T16:54:51.366746
2026-10-05,poznań,Verity. Coraz większy mrok ukraiński dubbing,Poznań - Plaza,21:40,2D,dubbing,regular,1.0,https://tickets.cinema-city.pl/api/order/1726072?lang=pl,2026-10-05T16:54:51.366756
2026-10-05,poznań,Rolling Loud. Film,Poznań - Plaza,22:00,2D,original,regular,1.0,https://tickets.cinema-city.pl/api/order/1727370?lang=pl,2026-10-05T16:54:51.366767
2026-10-05,poznań,W sercu dziczy,Poznań - Plaza,22:30,2D,original,regular,1.0,https://tickets.cinema-city.pl/api/order/1727000?lang=pl,2026-10-05T16:54:51.366777
2026-10-05,ruda-śląska,Lalka,Ruda Śląska,19:00,2D,original,regular,1.0,https://tickets.cinema-city.pl/api/order/1730595?lang=pl,2026-10-05T16:54:52.429567
2026-10-05,ruda-śląska,Avengers: Koniec gry – wersja rozszerzona,Ruda Śląska,19:30,2D,original,regular,1.0,https://tickets.cinema-city.pl/api/order/1730590?lang=pl,2026-10-05T16:54:52.429601
2026-10-05,ruda-śląska,Rolling Loud. Film,Ruda Śląska,20:20,2D,original,regular,1.0,https://tickets.cinema-city.pl/api/order/1730622?lang=pl,2026-10-05T16:54:52.429616
2026-10-05,ruda-śląska,W sercu dziczy,Ruda Śląska,20:30,2D,original,regular,1.0,https://tickets.cinema-city.pl/api/order/1730554?lang=pl,2026-10-05T16:54:52.429630
2026-10-05,ruda-śląska,Resident Evil,Ruda Śląska,20:40,2D,original,regular,1.0,https://tickets.cinema-city.pl/api/order/1730257?lang=pl,2026-10-05T16:54:52.429640
2026-10-05,ruda-śląska,Verity. Coraz większy mrok,Ruda Śląska,20:50,2D,original,regular,1.0,https://tickets.cinema-city.pl/api/order/1730409?lang=pl,2026-10-05T16:54:52.429650
2026-10-05,ruda-śląska,Lalka,Ruda Śląska,21:00,2D,original,regular,1.0,https://tickets.cinema-city.pl/api/order/1730315?lang=pl,2026-10-05T16:54:52.429659
2026-10-05,rybnik,Verity. Coraz większy mrok,Rybnik,18:50,2D,original,regular,1.0,https://tickets.cinema-city.pl/api/order/1725218?lang=pl,2026-10-05T16:54:54.119139
2026-10-05,rybnik,Lalka,Rybnik,19:00,2D,original,regular,1.0,https://tickets.cinema-city.pl/api/order/1724272?lang=pl,2026-10-05T16:54:54.119162
2026-10-05,rybnik,Avengers: Koniec gry – wersja rozszerzona,Rybnik,19:50,2D,original,regular,1.0,https://tickets.cinema-city.pl/api/order/1724508?lang=pl,2026-10-05T16:54:54.119176
2026-10-05,rybnik,Rolling Loud. Film,Rybnik,20:20,2D,original,regular,1.0,https://tickets.cinema-city.pl/api/order/1724238?lang=pl,2026-10-05T16:54:54.119187
2026-10-05,rybnik,W sercu dziczy,Rybnik,20:50,2D,original,regular,1.0,https://tickets.cinema-city.pl/api/order/1724528?lang=pl,2026-10-05T16:54:54.119198
2026-10-05,rybnik,Totalna magia 2,Rybnik,21:10,2D,original,regular,1.0,https://tickets.cinema-city.pl/api/order/1724182?lang=pl,2026-10-05T16:54:54.119209
2026-10-05,rybnik,Lalka,Rybnik,21:30,2D,original,regular,1.0,https://tickets.cinema-city.pl/api/order/1724841?lang=pl,2026-10-05T16:54:54.119219
2026-10-05,rybnik,Verity. Coraz większy mrok,Rybnik,21:40,2D,original,regular,1.0,https://tickets.cinema-city.pl/api/order/1724212?lang=pl,2026-10-05T16:54:54.119229
2026-10-05,rybnik,Resident Evil,Rybnik,21:40,2D,original,regular,1.0,https://tickets.cinema-city.pl/api/order/1725335?lang=pl,2026-10-05T16:54:54.119239
2026-10-05,sosnowiec,Casino Royale,Sosnowiec,19:00,2D,original,regular,1.0,https://tickets.cinema-city.pl/api/order/1690557?lang=pl,2026-10-05T16:54:55.815396
2026-10-05,sosnowiec,Resident Evil,Sosnowiec,19:20,2D,original,regular,1.0,https://tickets.cinema-city.pl/api/order/1723713?lang=pl,2026-10-05T16:54:55.815418
2026-10-05,sosnowiec,Verity. Coraz większy mrok,Sosnowiec,19:40,2D,original,regular,1.0,https://tickets.cinema-city.pl/api/order/1722066?lang=pl,2026-10-05T16:54:55.815433
2026-10-05,sosnowiec,Lalka,Sosnowiec,19:50,2D,original,regular,1.0,https://tickets.cinema-city.pl/api/order/1723323?lang=pl,2026-10-05T16:54:55.815443
2026-10-05,sosnowiec,Avengers: Koniec gry – wersja rozszerzona,Sosnowiec,20:30,2D,original,regular,1.0,https://tickets.cinema-city.pl/api/order/1724737?lang=pl,2026-10-05T16:54:55.815456
2026-10-05,sosnowiec,Lalka,Sosnowiec,21:30,2D,original,regular,1.0,https://tickets.cinema-city.pl/api/order/1721636?lang=pl,2026-10-05T16:54:55.815465
2026-10-05,sosnowiec,Resident Evil,Sosnowiec,21:50,2D,original,regular,1.0,https://tickets.cinema-city.pl/api/order/1723719?lang=pl,2026-10-05T16:54:55.815474
2026-10-05,sosnowiec,W sercu dziczy,Sosnowiec,22:00,2D,original,regular,1.0,https://tickets.cinema-city.pl/api/order/1723189?lang=pl,2026-10-05T16:54:55.815484
2026-10-05,gdańsk,Resident Evil,Starogard Gdański,18:50,2D,original,regular,1.0,https://tickets.cinema-city.pl/api/order/1729038?lang=pl,2026-10-05T16:54:57.582555
2026-10-05,gdańsk,Casino Royale,Starogard Gdański,19:00,2D,original,regular,1.0,https://tickets.cinema-city.pl/api/order/1690633?lang=pl,2026-10-05T16:54:57.582580
2026-10-05,gdańsk,Lalka,Starogard Gdański,19:30,2D,original,regular,1.0,https://tickets.cinema-city.pl/api/order/1728762?lang=pl,2026-10-05T16:54:57.582592
2026-10-05,gdańsk,Verity. Coraz większy mrok,Starogard Gdański,20:30,2D,original,regular,1.0,https://tickets.cinema-city.pl/api/order/1727077?lang=pl,2026-10-05T16:54:57.582605
2026-10-05,gdańsk,Avengers: Koniec gry – wersja rozszerzona,Starogard Gdański,21:00,2D,original,regular,1.0,https://tickets.cinema-city.pl/api/order/1726417?lang=pl,2026-10-05T16:54:57.582617
2026-10-05,gdańsk,Rolling Loud. Film,Starogard Gdański,21:10,2D,original,regular,1.0,https://tickets.cinema-city.pl/api/order/1729044?lang=pl,2026-10-05T16:54:57.582627
2026-10-05,gdańsk,Lalka,Starogard Gdański,21:30,2D,original,regular,1.0,https://tickets.cinema-city.pl/api/order/1726007?lang=pl,2026-10-05T16:54:57.582637
2026-10-05,toruń,Lalka,Toruń - Czerwona Droga,18:45,2D,original,regular,1.0,https://tickets.cinema-city.pl/api/order/1729835?lang=pl,2026-10-05T16:54:58.915771
2026-10-05,toruń,Casino Royale,Toruń - Czerwona Droga,19:00,2D,original,regular,1.0,https://tickets.cinema-city.pl/api/order/1690751?lang=pl,2026-10-05T16:54:58.915800
2026-10-05,toruń,100 dni: Misja Zeus,Toruń - Czerwona Droga,19:15,2D,,regular,1.0,https://tickets.cinema-city.pl/api/order/1727793?lang=pl,2026-10-05T16:54:58.915813
2026-10-05,toruń,Resident Evil,Toruń - Czerwona Droga,19:15,2D,original,regular,1.0,https://tickets.cinema-city.pl/api/order/1730202?lang=pl,2026-10-05T16:54:58.915827
2026-10-05,toruń,Rolling Loud. Film,Toruń - Czerwona Droga,19:45,2D,original,regular,1.0,https://tickets.cinema-city.pl/api/order/1727823?lang=pl,2026-10-05T16:54:58.915842
2026-10-05,toruń,Lalka,Toruń - Czerwona Droga,19:45,2D,original,regular,1.0,https://tickets.cinema-city.pl/api/order/1730166?lang=pl,2026-10-05T16:54:58.915855
2026-10-05,toruń,Lalka (ale to horror),Toruń - Czerwona Droga,20:00,2D,original,regular,1.0,https://tickets.cinema-city.pl/api/order/1729683?lang=pl,2026-10-05T16:54:58.915868
2026-10-05,toruń,Totalna magia 2,Toruń - Czerwona Droga,20:10,2D,original,regular,1.0,https://tickets.cinema-city.pl/api/order/1727201?lang=pl,2026-10-05T16:54:58.915883
2026-10-05,toruń,Avengers: Koniec gry – wersja rozszerzona Infinity Vision,Toruń - Czerwona Droga,20:20,2D,original,regular,1.0,https://tickets.cinema-city.pl/api/order/1729269?lang=pl,2026-10-05T16:54:58.915901
2026-10-05,toruń,W sercu dziczy,Toruń - Czerwona Droga,20:40,2D,original,regular,1.0,https://tickets.cinema-city.pl/api/order/1728695?lang=pl,2026-10-05T16:54:58.915915
2026-10-05,toruń,Lalka,Toruń - Czerwona Droga,21:00,2D,original,regular,1.0,https://tickets.cinema-city.pl/api/order/1730000?lang=pl,2026-10-05T16:54:58.915927
2026-10-05,toruń,Verity. Coraz większy mrok,Toruń - Czerwona Droga,21:10,2D,original,regular,1.0,https://tickets.cinema-city.pl/api/order/1728622?lang=pl,2026-10-05T16:54:58.915941
2026-10-05,toruń,Resident Evil,Toruń - Czerwona Droga,21:30,2D,original,regular,1.0,https://tickets.cinema-city.pl/api/order/1730208?lang=pl,2026-10-05T16:54:58.915954
2026-10-05,toruń,Niebo nad Normandią,Toruń - Czerwona Droga,21:45,2D,original,regular,1.0,https://tickets.cinema-city.pl/api/order/1727799?lang=pl,2026-10-05T16:54:58.915969
2026-10-05,toruń,Rolling Loud. Film,Toruń - Czerwona Droga,22:00,2D,original,regular,1.0,https://tickets.cinema-city.pl/api/order/1727829?lang=pl,2026-10-05T16:54:58.915982
2026-10-05,toruń,Ma to sens,Toruń - Czerwona Droga,22:10,2D,original,regular,1.0,https://tickets.cinema-city.pl/api/order/1728133?lang=pl,2026-10-05T16:54:58.915995
2026-10-05,toruń,Birthday Party,Toruń - Czerwona Droga,22:10,2D,original,regular,1.0,https://tickets.cinema-city.pl/api/order/1729689?lang=pl,2026-10-05T16:54:58.916008
2026-10-05,toruń,Nie patrz w dół 2,Toruń - Czerwona Droga,22:10,2D,original,regular,1.0,https://tickets.cinema-city.pl/api/order/1729867?lang=pl,2026-10-05T16:54:58.916022
2026-10-05,toruń,Lalka,Toruń - Plaza,19:00,2D,original,regular,1.0,https://tickets.cinema-city.pl/api/order/1723057?lang=pl,2026-10-05T16:55:00.547870
2026-10-05,toruń,Resident Evil,Toruń - Plaza,19:00,2D,original,regular,1.0,https://tickets.cinema-city.pl/api/order/1724016?lang=pl,2026-10-05T16:55:00.547892
2026-10-05,toruń,W sercu dziczy,Toruń - Plaza,19:20,2D,original,regular,1.0,https://tickets.cinema-city.pl/api/order/1724767?lang=pl,2026-10-05T16:55:00.547904
2026-10-05,toruń,Lalka,Toruń - Plaza,20:00,2D,original,regular,1.0,https://tickets.cinema-city.pl/api/order/1724791?lang=pl,2026-10-05T16:55:00.547914
2026-10-05,toruń,Verity. Coraz większy mrok,Toruń - Plaza,20:30,2D,original,regular,1.0,https://tickets.cinema-city.pl/api/order/1724821?lang=pl,2026-10-05T16:55:00.547926
2026-10-05,toruń,Rolling Loud. Film,Toruń - Plaza,20:45,2D,original,regular,1.0,https://tickets.cinema-city.pl/api/order/1724336?lang=pl,2026-10-05T16:55:00.547936
2026-10-05,toruń,Avengers: Koniec gry – wersja rozszerzona,Toruń - Plaza,21:10,2D,original,regular,1.0,https://tickets.cinema-city.pl/api/order/1724034?lang=pl,2026-10-05T16:55:00.547948
2026-10-05,toruń,Lalka,Toruń - Plaza,21:30,2D,original,regular,1.0,https://tickets.cinema-city.pl/api/order/1723278?lang=pl,2026-10-05T16:55:00.547957
2026-10-05,toruń,W sercu dziczy,Toruń - Plaza,21:40,2D,original,regular,1.0,https://tickets.cinema-city.pl/api/order/1724761?lang=pl,2026-10-05T16:55:00.547967
2026-10-05,wałbrzych,Casino Royale,Wałbrzych,19:00,2D,original,regular,1.0,https://tickets.cinema-city.pl/api/order/1690679?lang=pl,2026-10-05T16:55:01.921415
2026-10-05,wałbrzych,W sercu dziczy,Wałbrzych,19:30,2D,original,regular,1.0,https://tickets.cinema-city.pl/api/order/1721907?lang=pl,2026-10-05T16:55:01.921437
2026-10-05,wałbrzych,Verity. Coraz większy mrok,Wałbrzych,20:00,2D,original,regular,1.0,https://tickets.cinema-city.pl/api/order/1721361?lang=pl,2026-10-05T16:55:01.921452
2026-10-05,wałbrzych,Resident Evil,Wałbrzych,20:30,2D,original,regular,1.0,https://tickets.cinema-city.pl/api/order/1722170?lang=pl,2026-10-05T16:55:01.921463
2026-10-05,wałbrzych,Rolling Loud. Film,Wałbrzych,20:30,2D,original,regular,1.0,https://tickets.cinema-city.pl/api/order/1724707?lang=pl,2026-10-05T16:55:01.921474
2026-10-05,wałbrzych,Avengers: Koniec gry – wersja rozszerzona,Wałbrzych,20:40,2D,original,regular,1.0,https://tickets.cinema-city.pl/api/order/1729273?lang=pl,2026-10-05T16:55:01.921487
2026-10-05,wałbrzych,Lalka,Wałbrzych,21:30,2D,original,regular,1.0,https://tickets.cinema-city.pl/api/order/1721092?lang=pl,2026-10-05T16:55:01.921498
2026-10-05,wałbrzych,W sercu dziczy,Wałbrzych,22:00,2D,original,regular,1.0,https://tickets.cinema-city.pl/api/order/1721913?lang=pl,2026-10-05T16:55:01.921508
2026-10-05,wałbrzych,Resident Evil,Wałbrzych,22:00,2D,original,regular,1.0,https://tickets.cinema-city.pl/api/order/1726886?lang=pl,2026-10-05T16:55:01.921519
2026-10-05,warszawa,Lalka (ale to horror),Warszawa -  Arkadia,18:50,2D,original,regular,1.0,https://tickets.cinema-city.pl/api/order/1721688?lang=pl,2026-10-05T16:55:03.275544
2026-10-05,warszawa,Niebo nad Normandią,Warszawa -  Arkadia,19:00,2D,original,regular,1.0,https://tickets.cinema-city.pl/api/order/1719362?lang=pl,2026-10-05T16:55:03.275575
2026-10-05,warszawa,Lalka,Warszawa -  Arkadia,19:00,2D,original,regular,1.0,https://tickets.cinema-city.pl/api/order/1719791?lang=pl,2026-10-05T16:55:03.275590
2026-10-05,warszawa,Verity. Coraz większy mrok,Warszawa -  Arkadia,19:10,2D,original,regular,1.0,https://tickets.cinema-city.pl/api/order/1720294?lang=pl,2026-10-05T16:55:03.275605
2026-10-05,warszawa,Verity. Coraz większy mrok ukraiński dubbing,Warszawa -  Arkadia,19:20,2D,dubbing,regular,1.0,https://tickets.cinema-city.pl/api/order/1719679?lang=pl,2026-10-05T16:55:03.275618
2026-10-05,warszawa,W sercu dziczy,Warszawa -  Arkadia,19:20,2D,original,regular,1.0,https://tickets.cinema-city.pl/api/order/1721796?lang=pl,2026-10-05T16:55:03.275630
2026-10-05,warszawa,Resident Evil,Warszawa -  Arkadia,19:40,2D,original,regular,1.0,https://tickets.cinema-city.pl/api/order/1719892?lang=pl,2026-10-05T16:55:03.275643
2026-10-05,warszawa,Tony,Warszawa -  Arkadia,19:40,2D,original,regular,1.0,https://tickets.cinema-city.pl/api/order/1721742?lang=pl,2026-10-05T16:55:03.275656
2026-10-05,warszawa,Verity. Coraz większy mrok,Warszawa -  Arkadia,20:40,4DX,original,regular,1.0,https://tickets.cinema-city.pl/api/order/1720865?lang=pl,2026-10-05T16:55:03.275667
2026-10-05,warszawa,Odyseja,Warszawa -  Arkadia,20:50,2D,original,regular,1.0,https://tickets.cinema-city.pl/api/order/1721682?lang=pl,2026-10-05T16:55:03.275680
2026-10-05,warszawa,Lalka,Warszawa -  Arkadia,21:00,2D,original,regular,1.0,https://tickets.cinema-city.pl/api/order/1719815?lang=pl,2026-10-05T16:55:03.275691
2026-10-05,warszawa,Rolling Loud. Film,Warszawa -  Arkadia,21:00,2D,original,regular,1.0,https://tickets.cinema-city.pl/api/order/1721766?lang=pl,2026-10-05T16:55:03.275703
2026-10-05,warszawa,Totalna magia 2,Warszawa -  Arkadia,21:20,2D,original,regular,1.0,https://tickets.cinema-city.pl/api/order/1719368?lang=pl,2026-10-05T16:55:03.275717
2026-10-05,warszawa,Lalka,Warszawa -  Arkadia,21:30,2D,original,regular,1.0,https://tickets.cinema-city.pl/api/order/1719779?lang=pl,2026-10-05T16:55:03.275729
2026-10-05,warszawa,Hot Spot,Warszawa -  Arkadia,21:40,2D,original,regular,1.0,https://tickets.cinema-city.pl/api/order/1720130?lang=pl,2026-10-05T16:55:03.275742
2026-10-05,warszawa,Avengers: Koniec gry – wersja rozszerzona Infinity Vision,Warszawa -  Arkadia,21:40,2D,original,regular,1.0,https://tickets.cinema-city.pl/api/order/1720647?lang=pl,2026-10-05T16:55:03.275758
2026-10-05,warszawa,Verity. Coraz większy mrok,Warszawa -  Arkadia,21:50,2D,original,regular,1.0,https://tickets.cinema-city.pl/api/order/1720295?lang=pl,2026-10-05T16:55:03.275770
2026-10-05,warszawa,W sercu dziczy,Warszawa -  Arkadia,21:50,2D,original,regular,1.0,https://tickets.cinema-city.pl/api/order/1721790?lang=pl,2026-10-05T16:55:03.275782
2026-10-05,warszawa,Naznaczony: Wyjście z mrocznego wymiaru,Warszawa -  Arkadia,22:00,2D,original,regular,1.0,https://tickets.cinema-city.pl/api/order/1719684?lang=pl,2026-10-05T16:55:03.275796
2026-10-05,warszawa,Resident Evil,Warszawa -  Arkadia,22:00,2D,original,regular,1.0,https://tickets.cinema-city.pl/api/order/1719897?lang=pl,2026-10-05T16:55:03.275807
2026-10-05,warszawa,Tony,Warszawa -  Arkadia,22:10,2D,original,regular,1.0,https://tickets.cinema-city.pl/api/order/1721676?lang=pl,2026-10-05T16:55:03.275819
2026-10-05,warszawa,Resident Evil ukraiński dubbing,Warszawa -  Arkadia,22:20,2D,dubbing,regular,1.0,https://tickets.cinema-city.pl/api/order/1719821?lang=pl,2026-10-05T16:55:03.275831
2026-10-05,warszawa,Resident Evil,Warszawa - Bemowo,18:45,2D,original,regular,1.0,https://tickets.cinema-city.pl/api/order/1726770?lang=pl,2026-10-05T16:55:05.008799
2026-10-05,warszawa,Lalka,Warszawa - Bemowo,19:00,2D,original,regular,1.0,https://tickets.cinema-city.pl/api/order/1726085?lang=pl,2026-10-05T16:55:05.008823
2026-10-05,warszawa,Rolling Loud. Film,Warszawa - Bemowo,19:30,2D,original,regular,1.0,https://tickets.cinema-city.pl/api/order/1722778?lang=pl,2026-10-05T16:55:05.008836
2026-10-05,warszawa,Avengers: Koniec gry – wersja rozszerzona,Warszawa - Bemowo,19:45,2D,original,regular,1.0,https://tickets.cinema-city.pl/api/order/1722754?lang=pl,2026-10-05T16:55:05.008851
2026-10-05,warszawa,Lalka,Warszawa - Bemowo,20:00,2D,original,regular,1.0,https://tickets.cinema-city.pl/api/order/1725465?lang=pl,2026-10-05T16:55:05.008861
2026-10-05,warszawa,W sercu dziczy,Warszawa - Bemowo,20:10,2D,original,regular,1.0,https://tickets.cinema-city.pl/api/order/1726370?lang=pl,2026-10-05T16:55:05.008873
2026-10-05,warszawa,100 dni: Misja Zeus,Warszawa - Bemowo,20:30,2D,,regular,1.0,https://tickets.cinema-city.pl/api/order/1726807?lang=pl,2026-10-05T16:55:05.008883
2026-10-05,warszawa,Nie patrz w dół 2,Warszawa - Bemowo,20:50,2D,original,regular,1.0,https://tickets.cinema-city.pl/api/order/1727860?lang=pl,2026-10-05T16:55:05.008895
2026-10-05,warszawa,Niebo nad Normandią,Warszawa - Bemowo,21:00,2D,original,regular,1.0,https://tickets.cinema-city.pl/api/order/1726776?lang=pl,2026-10-05T16:55:05.008908
2026-10-05,warszawa,Resident Evil,Warszawa - Bemowo,21:10,2D,original,regular,1.0,https://tickets.cinema-city.pl/api/order/1724489?lang=pl,2026-10-05T16:55:05.008918
2026-10-05,warszawa,Lalka,Warszawa - Bemowo,21:30,2D,original,regular,1.0,https://tickets.cinema-city.pl/api/order/1726168?lang=pl,2026-10-05T16:55:05.008929
2026-10-05,warszawa,Verity. Coraz większy mrok,Warszawa - Bemowo,21:40,2D,original,regular,1.0,https://tickets.cinema-city.pl/api/order/1724892?lang=pl,2026-10-05T16:55:05.008941
2026-10-05,warszawa,Rolling Loud. Film,Warszawa - Bemowo,21:45,2D,original,regular,1.0,https://tickets.cinema-city.pl/api/order/1722784?lang=pl,2026-10-05T16:55:05.008951
2026-10-05,warszawa,Rolling Loud. Film,Warszawa - Białołęka Galeria Północna,18:50,2D,original,regular,1.0,https://tickets.cinema-city.pl/api/order/1728846?lang=pl,2026-10-05T16:55:06.598382
2026-10-05,warszawa,Lalka,Warszawa - Białołęka Galeria Północna,19:00,2D,original,regular,1.0,https://tickets.cinema-city.pl/api/order/1728325?lang=pl,2026-10-05T16:55:06.598404
2026-10-05,warszawa,W sercu dziczy,Warszawa - Białołęka Galeria Północna,19:20,2D,original,regular,1.0,https://tickets.cinema-city.pl/api/order/1728563?lang=pl,2026-10-05T16:55:06.598416
2026-10-05,warszawa,Resident Evil,Warszawa - Białołęka Galeria Północna,19:20,2D,original,regular,1.0,https://tickets.cinema-city.pl/api/order/1729592?lang=pl,2026-10-05T16:55:06.598427
2026-10-05,warszawa,Lalka (ale to horror),Warszawa - Białołęka Galeria Północna,19:30,2D,original,regular,1.0,https://tickets.cinema-city.pl/api/order/1729004?lang=pl,2026-10-05T16:55:06.598436
2026-10-05,warszawa,Verity. Coraz większy mrok ukraiński dubbing,Warszawa - Białołęka Galeria Północna,20:00,2D,dubbing,regular,1.0,https://tickets.cinema-city.pl/api/order/1729324?lang=pl,2026-10-05T16:55:06.598447
2026-10-05,warszawa,Lalka,Warszawa - Białołęka Galeria Północna,20:30,2D,original,regular,1.0,https://tickets.cinema-city.pl/api/order/1729387?lang=pl,2026-10-05T16:55:06.598456
2026-10-05,warszawa,Avengers: Koniec gry – wersja rozszerzona,Warszawa - Białołęka Galeria Północna,20:40,2D,original,regular,1.0,https://tickets.cinema-city.pl/api/order/1729466?lang=pl,2026-10-05T16:55:06.598469
2026-10-05,warszawa,Verity. Coraz większy mrok,Warszawa - Białołęka Galeria Północna,20:50,2D,original,regular,1.0,https://tickets.cinema-city.pl/api/order/1728494?lang=pl,2026-10-05T16:55:06.598479
2026-10-05,warszawa,Rolling Loud. Film,Warszawa - Białołęka Galeria Północna,21:10,2D,original,regular,1.0,https://tickets.cinema-city.pl/api/order/1728852?lang=pl,2026-10-05T16:55:06.598488
2026-10-05,warszawa,Lalka,Warszawa - Białołęka Galeria Północna,21:30,2D,original,regular,1.0,https://tickets.cinema-city.pl/api/order/1728235?lang=pl,2026-10-05T16:55:06.598497
2026-10-05,warszawa,Niebo nad Normandią,Warszawa - Białołęka Galeria Północna,21:30,2D,original,regular,1.0,https://tickets.cinema-city.pl/api/order/1729010?lang=pl,2026-10-05T16:55:06.598508
2026-10-05,warszawa,Naznaczony: Wyjście z mrocznego wymiaru,Warszawa - Białołęka Galeria Północna,21:40,2D,original,regular,1.0,https://tickets.cinema-city.pl/api/order/1728569?lang=pl,2026-10-05T16:55:06.598518
2026-10-05,warszawa,Resident Evil,Warszawa - Białołęka Galeria Północna,21:40,2D,original,regular,1.0,https://tickets.cinema-city.pl/api/order/1729598?lang=pl,2026-10-05T16:55:06.598527
2026-10-05,warszawa,Nie patrz w dół 2,Warszawa - Białołęka Galeria Północna,21:50,2D,original,regular,1.0,https://tickets.cinema-city.pl/api/order/1728745?lang=pl,2026-10-05T16:55:06.598537
2026-10-05,warszawa,Rolling Loud. Film,Warszawa - Janki,18:45,2D,original,regular,1.0,https://tickets.cinema-city.pl/api/order/1726143?lang=pl,2026-10-05T16:55:08.439033
2026-10-05,warszawa,Lalka,Warszawa - Janki,19:00,2D,original,regular,1.0,https://tickets.cinema-city.pl/api/order/1726819?lang=pl,2026-10-05T16:55:08.439057
2026-10-05,warszawa,Verity. Coraz większy mrok,Warszawa - Janki,19:15,2D,original,regular,1.0,https://tickets.cinema-city.pl/api/order/1726596?lang=pl,2026-10-05T16:55:08.439072
2026-10-05,warszawa,100 dni: Misja Zeus,Warszawa - Janki,19:20,2D,,regular,1.0,https://tickets.cinema-city.pl/api/order/1727304?lang=pl,2026-10-05T16:55:08.439083
2026-10-05,warszawa,Resident Evil,Warszawa - Janki,19:50,2D,original,regular,1.0,https://tickets.cinema-city.pl/api/order/1727448?lang=pl,2026-10-05T16:55:08.439093
2026-10-05,warszawa,W sercu dziczy,Warszawa - Janki,20:10,2D,original,regular,1.0,https://tickets.cinema-city.pl/api/order/1725329?lang=pl,2026-10-05T16:55:08.439103
2026-10-05,warszawa,Lalka,Warszawa - Janki,20:30,2D,original,regular,1.0,https://tickets.cinema-city.pl/api/order/1727180?lang=pl,2026-10-05T16:55:08.439113
2026-10-05,warszawa,Avengers: Koniec gry – wersja rozszerzona,Warszawa - Janki,20:30,2D,original,regular,1.0,https://tickets.cinema-city.pl/api/order/1727463?lang=pl,2026-10-05T16:55:08.439126
2026-10-05,warszawa,Rolling Loud. Film,Warszawa - Janki,21:00,2D,original,regular,1.0,https://tickets.cinema-city.pl/api/order/1726145?lang=pl,2026-10-05T16:55:08.439136
2026-10-05,warszawa,Lalka,Warszawa - Janki,21:30,2D,original,regular,1.0,https://tickets.cinema-city.pl/api/order/1725304?lang=pl,2026-10-05T16:55:08.439146
2026-10-05,warszawa,Verity. Coraz większy mrok,Warszawa - Janki,21:40,2D,original,regular,1.0,https://tickets.cinema-city.pl/api/order/1726068?lang=pl,2026-10-05T16:55:08.439157
2026-10-05,warszawa,Totalna magia 2,Warszawa - Janki,21:50,2D,original,regular,1.0,https://tickets.cinema-city.pl/api/order/1727310?lang=pl,2026-10-05T16:55:08.439168
2026-10-05,warszawa,Niebo nad Normandią,Warszawa - Janki,22:00,2D,original,regular,1.0,https://tickets.cinema-city.pl/api/order/1726704?lang=pl,2026-10-05T16:55:08.439179
2026-10-05,warszawa,Resident Evil,Warszawa - Janki,22:00,2D,original,regular,1.0,https://tickets.cinema-city.pl/api/order/1727451?lang=pl,2026-10-05T16:55:08.439189
2026-10-05,warszawa,Casino Royale,Warszawa - Mokotów,19:00,2D,original,regular,1.0,https://tickets.cinema-city.pl/api/order/1690682?lang=pl,2026-10-05T16:55:09.781519
2026-10-05,warszawa,100 dni: Misja Zeus,Warszawa - Mokotów,19:00,2D,,regular,1.0,https://tickets.cinema-city.pl/api/order/1722732?lang=pl,2026-10-05T16:55:09.781541
2026-10-05,warszawa,Rolling Loud. Film,Warszawa - Mokotów,19:10,2D,original,regular,1.0,https://tickets.cinema-city.pl/api/order/1723824?lang=pl,2026-10-05T16:55:09.781554
2026-10-05,warszawa,W sercu dziczy,Warszawa - Mokotów,19:30,2D,original,regular,1.0,https://tickets.cinema-city.pl/api/order/1720581?lang=pl,2026-10-05T16:55:09.781566
2026-10-05,warszawa,Lalka,Warszawa - Mokotów,19:30,2D,original,regular,1.0,https://tickets.cinema-city.pl/api/order/1720850?lang=pl,2026-10-05T16:55:09.781577
2026-10-05,warszawa,Hot Spot,Warszawa - Mokotów,19:40,2D,original,regular,1.0,https://tickets.cinema-city.pl/api/order/1723302?lang=pl,2026-10-05T16:55:09.781588
2026-10-05,warszawa,Avengers: Koniec gry – wersja rozszerzona,Warszawa - Mokotów,20:00,2D,original,regular,1.0,https://tickets.cinema-city.pl/api/order/1721955?lang=pl,2026-10-05T16:55:09.781602
2026-10-05,warszawa,Tony,Warszawa - Mokotów,20:00,2D,original,regular,1.0,https://tickets.cinema-city.pl/api/order/1723574?lang=pl,2026-10-05T16:55:09.781614
2026-10-05,warszawa,Verity. Coraz większy mrok,Warszawa - Mokotów,20:10,2D,original,regular,1.0,https://tickets.cinema-city.pl/api/order/1721409?lang=pl,2026-10-05T16:55:09.781626
2026-10-05,warszawa,Lalka,Warszawa - Mokotów,20:15,2D,original,regular,1.0,https://tickets.cinema-city.pl/api/order/1720751?lang=pl,2026-10-05T16:55:09.781636
2026-10-05,warszawa,Resident Evil,Warszawa - Mokotów,20:15,2D,original,regular,1.0,https://tickets.cinema-city.pl/api/order/1722934?lang=pl,2026-10-05T16:55:09.781646
2026-10-05,warszawa,Avengers: Koniec gry – wersja rozszerzona Infinity Vision,Warszawa - Mokotów,20:30,2D,original,regular,1.0,https://tickets.cinema-city.pl/api/order/1721066?lang=pl,2026-10-05T16:55:09.781660
2026-10-05,warszawa,Lalka,Warszawa - Mokotów,21:30,2D,original,regular,1.0,https://tickets.cinema-city.pl/api/order/1722738?lang=pl,2026-10-05T16:55:09.781669
2026-10-05,warszawa,Rolling Loud. Film,Warszawa - Mokotów,21:30,2D,original,regular,1.0,https://tickets.cinema-city.pl/api/order/1723830?lang=pl,2026-10-05T16:55:09.781679
2026-10-05,warszawa,Avengers: Koniec gry – wersja rozszerzona Infinity Vision,Warszawa - Mokotów,21:45,ScreenX,original,regular,1.0,https://tickets.cinema-city.pl/api/order/1724366?lang=pl,2026-10-05T16:55:09.781689
2026-10-05,warszawa,W sercu dziczy,Warszawa - Mokotów,22:00,2D,original,regular,1.0,https://tickets.cinema-city.pl/api/order/1720587?lang=pl,2026-10-05T16:55:09.781699
2026-10-05,warszawa,Totalna magia 2,Warszawa - Mokotów,22:00,2D,original,regular,1.0,https://tickets.cinema-city.pl/api/order/1723308?lang=pl,2026-10-05T16:55:09.781711
2026-10-05,warszawa,Resident Evil,Warszawa - Mokotów,22:20,2D,original,regular,1.0,https://tickets.cinema-city.pl/api/order/1720301?lang=pl,2026-10-05T16:55:09.781720
2026-10-05,warszawa,Resident Evil,Warszawa - Promenada,18:45,2D,original,regular,1.0,https://tickets.cinema-city.pl/api/order/1721848?lang=pl,2026-10-05T16:55:10.848104
2026-10-05,warszawa,Lalka,Warszawa - Promenada,19:00,2D,original,regular,1.0,https://tickets.cinema-city.pl/api/order/1726836?lang=pl,2026-10-05T16:55:10.848132
2026-10-05,warszawa,Odyseja,Warszawa - Promenada,19:10,2D,original,regular,1.0,https://tickets.cinema-city.pl/api/order/1720451?lang=pl,2026-10-05T16:55:10.848148
2026-10-05,warszawa,Avengers: Koniec gry – wersja rozszerzona,Warszawa - Promenada,19:20,2D,original,regular,1.0,https://tickets.cinema-city.pl/api/order/1721171?lang=pl,2026-10-05T16:55:10.848166
2026-10-05,warszawa,100 dni: Misja Zeus,Warszawa - Promenada,19:40,2D,,regular,1.0,https://tickets.cinema-city.pl/api/order/1725504?lang=pl,2026-10-05T16:55:10.848178
2026-10-05,warszawa,Lalka,Warszawa - Promenada,19:50,2D,original,regular,1.0,https://tickets.cinema-city.pl/api/order/1726691?lang=pl,2026-10-05T16:55:10.848191
2026-10-05,warszawa,Totalna magia 2,Warszawa - Promenada,20:00,2D,original,regular,1.0,https://tickets.cinema-city.pl/api/order/1720762?lang=pl,2026-10-05T16:55:10.848206
2026-10-05,warszawa,Verity. Coraz większy mrok,Warszawa - Promenada,20:20,2D,original,regular,1.0,https://tickets.cinema-city.pl/api/order/1726507?lang=pl,2026-10-05T16:55:10.848222
2026-10-05,warszawa,Rolling Loud. Film,Warszawa - Promenada,20:30,2D,original,regular,1.0,https://tickets.cinema-city.pl/api/order/1722456?lang=pl,2026-10-05T16:55:10.848233
2026-10-05,warszawa,Nie patrz w dół 2,Warszawa - Promenada,20:40,2D,original,regular,1.0,https://tickets.cinema-city.pl/api/order/1723836?lang=pl,2026-10-05T16:55:10.848245
2026-10-05,warszawa,Resident Evil,Warszawa - Promenada,21:00,2D,original,regular,1.0,https://tickets.cinema-city.pl/api/order/1721853?lang=pl,2026-10-05T16:55:10.848256
2026-10-05,warszawa,Niebo nad Normandią,Warszawa - Promenada,21:00,2D,original,regular,1.0,https://tickets.cinema-city.pl/api/order/1726035?lang=pl,2026-10-05T16:55:10.848288
2026-10-05,warszawa,Verity. Coraz większy mrok,Warszawa - Sadyba,18:50,2D,original,regular,1.0,https://tickets.cinema-city.pl/api/order/1722483?lang=pl,2026-10-05T16:55:12.802693
2026-10-05,warszawa,Resident Evil,Warszawa - Sadyba,19:30,2D,original,regular,1.0,https://tickets.cinema-city.pl/api/order/1721225?lang=pl,2026-10-05T16:55:12.802721
2026-10-05,warszawa,Marsupilami,Warszawa - Sadyba,19:30,2D,,regular,1.0,https://tickets.cinema-city.pl/api/order/1722334?lang=pl,2026-10-05T16:55:12.802736
2026-10-05,warszawa,Lalka,Warszawa - Sadyba,19:30,2D,original,regular,1.0,https://tickets.cinema-city.pl/api/order/1724346?lang=pl,2026-10-05T16:55:12.802750
2026-10-05,warszawa,W sercu dziczy,Warszawa - Sadyba,20:00,2D,original,regular,1.0,https://tickets.cinema-city.pl/api/order/1722896?lang=pl,2026-10-05T16:55:12.802764
2026-10-05,warszawa,Avengers: Koniec gry – wersja rozszerzona,Warszawa - Sadyba,20:30,2D,original,regular,1.0,https://tickets.cinema-city.pl/api/order/1721367?lang=pl,2026-10-05T16:55:12.802780
2026-10-05,warszawa,Lalka,Warszawa - Sadyba,20:30,2D,original,regular,1.0,https://tickets.cinema-city.pl/api/order/1724908?lang=pl,2026-10-05T16:55:12.802792
2026-10-05,warszawa,Spider-Man: Całkiem nowy dzień,Warszawa - Sadyba,20:50,2D,original,regular,1.0,https://tickets.cinema-city.pl/api/order/1723905?lang=pl,2026-10-05T16:55:12.802806
2026-10-05,warszawa,Totalna magia 2,Warszawa - Sadyba,21:00,2D,original,regular,1.0,https://tickets.cinema-city.pl/api/order/1720971?lang=pl,2026-10-05T16:55:12.802819
2026-10-05,warszawa,Rolling Loud. Film,Warszawa - Sadyba,21:00,2D,original,regular,1.0,https://tickets.cinema-city.pl/api/order/1721661?lang=pl,2026-10-05T16:55:12.802831
2026-10-05,warszawa,Verity. Coraz większy mrok,Warszawa - Sadyba,21:30,2D,original,regular,1.0,https://tickets.cinema-city.pl/api/order/1722489?lang=pl,2026-10-05T16:55:12.802843
2026-10-05,warszawa,Lalka,Warszawa - Sadyba,21:30,IMAX,original,regular,1.0,https://tickets.cinema-city.pl/api/order/1725369?lang=pl,2026-10-05T16:55:12.802852
2026-10-05,warszawa,Resident Evil,Warszawa - Sadyba,21:40,2D,original,regular,1.0,https://tickets.cinema-city.pl/api/order/1723626?lang=pl,2026-10-05T16:55:12.802864
2026-10-05,warszawa,Naznaczony: Wyjście z mrocznego wymiaru,Warszawa - Sadyba,21:50,2D,original,regular,1.0,https://tickets.cinema-city.pl/api/order/1722340?lang=pl,2026-10-05T16:55:12.802878
2026-10-05,warszawa,Nie patrz w dół 2,Warszawa - Sadyba,22:00,2D,original,regular,1.0,https://tickets.cinema-city.pl/api/order/1721206?lang=pl,2026-10-05T16:55:12.802891
2026-10-05,warszawa,Lalka,Warszawa - Sadyba,22:00,2D,original,regular,1.0,https://tickets.cinema-city.pl/api/order/1721940?lang=pl,2026-10-05T16:55:12.802902
2026-10-05,wrocław,Lalka,Wrocław - Korona,19:00,2D,original,regular,1.0,https://tickets.cinema-city.pl/api/order/1722697?lang=pl,2026-10-05T16:55:14.825665
2026-10-05,wrocław,Avengers: Koniec gry – wersja rozszerzona Infinity Vision,Wrocław - Korona,19:10,ScreenX,original,regular,1.0,https://tickets.cinema-city.pl/api/order/1720492?lang=pl,2026-10-05T16:55:14.825697
2026-10-05,wrocław,W sercu dziczy,Wrocław - Korona,19:30,2D,original,regular,1.0,https://tickets.cinema-city.pl/api/order/1720763?lang=pl,2026-10-05T16:55:14.825714
2026-10-05,wrocław,Rolling Loud. Film,Wrocław - Korona,19:45,2D,original,regular,1.0,https://tickets.cinema-city.pl/api/order/1722121?lang=pl,2026-10-05T16:55:14.825729
2026-10-05,wrocław,Lalka,Wrocław - Korona,20:10,2D,original,regular,1.0,https://tickets.cinema-city.pl/api/order/1721006?lang=pl,2026-10-05T16:55:14.825742
2026-10-05,wrocław,Resident Evil,Wrocław - Korona,20:30,2D,original,regular,1.0,https://tickets.cinema-city.pl/api/order/1722213?lang=pl,2026-10-05T16:55:14.825753
2026-10-05,wrocław,Verity. Coraz większy mrok,Wrocław - Korona,21:20,2D,original,regular,1.0,https://tickets.cinema-city.pl/api/order/1722576?lang=pl,2026-10-05T16:55:14.825765
2026-10-05,wrocław,Lalka,Wrocław - Korona,21:30,2D,original,regular,1.0,https://tickets.cinema-city.pl/api/order/1720064?lang=pl,2026-10-05T16:55:14.825774
2026-10-05,wrocław,W sercu dziczy,Wrocław - Korona,22:00,2D,original,regular,1.0,https://tickets.cinema-city.pl/api/order/1720766?lang=pl,2026-10-05T16:55:14.825784
2026-10-05,wrocław,Rolling Loud. Film,Wrocław - Korona,22:00,2D,original,regular,1.0,https://tickets.cinema-city.pl/api/order/1722127?lang=pl,2026-10-05T16:55:14.825793
2026-10-05,wrocław,Lalka,Wrocław - Wroclavia,18:50,2D,original,regular,1.0,https://tickets.cinema-city.pl/api/order/1725385?lang=pl,2026-10-05T16:55:15.834697
2026-10-05,wrocław,Verity. Coraz większy mrok,Wrocław - Wroclavia,19:00,2D,original,regular,1.0,https://tickets.cinema-city.pl/api/order/1719586?lang=pl,2026-10-05T16:55:15.834724
2026-10-05,wrocław,Rolling Loud. Film,Wrocław - Wroclavia,19:00,2D,original,regular,1.0,https://tickets.cinema-city.pl/api/order/1720695?lang=pl,2026-10-05T16:55:15.834736
2026-10-05,wrocław,Avengers: Koniec gry – wersja rozszerzona,Wrocław - Wroclavia,19:10,2D,original,regular,1.0,https://tickets.cinema-city.pl/api/order/1723374?lang=pl,2026-10-05T16:55:15.834750
2026-10-05,wrocław,Totalna magia 2,Wrocław - Wroclavia,19:15,2D,original,regular,1.0,https://tickets.cinema-city.pl/api/order/1719412?lang=pl,2026-10-05T16:55:15.834762
2026-10-05,wrocław,100 dni: Misja Zeus,Wrocław - Wroclavia,19:25,2D,,regular,1.0,https://tickets.cinema-city.pl/api/order/1719508?lang=pl,2026-10-05T16:55:15.834771
2026-10-05,wrocław,Lalka,Wrocław - Wroclavia,19:30,2D,original,regular,1.0,https://tickets.cinema-city.pl/api/order/1719580?lang=pl,2026-10-05T16:55:15.834781
2026-10-05,wrocław,Niebo nad Normandią,Wrocław - Wroclavia,20:00,2D,original,regular,1.0,https://tickets.cinema-city.pl/api/order/1719478?lang=pl,2026-10-05T16:55:15.834793
2026-10-05,wrocław,W sercu dziczy,Wrocław - Wroclavia,20:00,2D,original,regular,1.0,https://tickets.cinema-city.pl/api/order/1719622?lang=pl,2026-10-05T16:55:15.834804
2026-10-05,wrocław,Lalka,Wrocław - Wroclavia,20:00,2D,original,regular,1.0,https://tickets.cinema-city.pl/api/order/1723135?lang=pl,2026-10-05T16:55:15.834814
2026-10-05,wrocław,Hot Spot,Wrocław - Wroclavia,20:10,2D,original,regular,1.0,https://tickets.cinema-city.pl/api/order/1719558?lang=pl,2026-10-05T16:55:15.834825
2026-10-05,wrocław,Lalka (ale to horror),Wrocław - Wroclavia,20:15,2D,original,regular,1.0,https://tickets.cinema-city.pl/api/order/1720821?lang=pl,2026-10-05T16:55:15.834836
2026-10-05,wrocław,Spider-Man: Całkiem nowy dzień,Wrocław - Wroclavia,20:30,2D,original,regular,1.0,https://tickets.cinema-city.pl/api/order/1723861?lang=pl,2026-10-05T16:55:15.834848
2026-10-05,wrocław,Lalka,Wrocław - Wroclavia,20:30,2D,original,regular,1.0,https://tickets.cinema-city.pl/api/order/1724894?lang=pl,2026-10-05T16:55:15.834857
2026-10-05,wrocław,Verity. Coraz większy mrok,Wrocław - Wroclavia,20:45,4DX,original,regular,1.0,https://tickets.cinema-city.pl/api/order/1725158?lang=pl,2026-10-05T16:55:15.834866
2026-10-05,wrocław,Lalka,Wrocław - Wroclavia,20:45,2D,original,regular,1.0,https://tickets.cinema-city.pl/api/order/1731105?lang=pl,2026-10-05T16:55:15.834876
2026-10-05,wrocław,Resident Evil,Wrocław - Wroclavia,20:55,2D,original,regular,1.0,https://tickets.cinema-city.pl/api/order/1719436?lang=pl,2026-10-05T16:55:15.834886
2026-10-05,wrocław,Avengers: Koniec gry – wersja rozszerzona,Wrocław - Wroclavia,21:15,Dolby Atmos,original,regular,1.0,https://tickets.cinema-city.pl/api/order/1720283?lang=pl,2026-10-05T16:55:15.834898
2026-10-05,wrocław,Rolling Loud. Film,Wrocław - Wroclavia,21:20,2D,original,regular,1.0,https://tickets.cinema-city.pl/api/order/1720700?lang=pl,2026-10-05T16:55:15.834908
2026-10-05,wrocław,Lalka,Wrocław - Wroclavia,21:30,IMAX,original,regular,1.0,https://tickets.cinema-city.pl/api/order/1725603?lang=pl,2026-10-05T16:55:15.834915
2026-10-05,wrocław,Verity. Coraz większy mrok,Wrocław - Wroclavia,21:45,2D,original,regular,1.0,https://tickets.cinema-city.pl/api/order/1719592?lang=pl,2026-10-05T16:55:15.834926
2026-10-05,wrocław,Lalka,Wrocław - Wroclavia,21:50,2D,original,regular,1.0,https://tickets.cinema-city.pl/api/order/1724479?lang=pl,2026-10-05T16:55:15.834935
2026-10-05,wrocław,Spider-Man: Całkiem nowy dzień,Wrocław - Wroclavia,22:00,2D,original,regular,1.0,https://tickets.cinema-city.pl/api/order/1719514?lang=pl,2026-10-05T16:55:15.834946
2026-10-05,wrocław,Totalna magia 2,Wrocław - Wroclavia,22:10,2D,original,regular,1.0,https://tickets.cinema-city.pl/api/order/1719418?lang=pl,2026-10-05T16:55:15.834956
2026-10-05,wrocław,Lalka (ale to horror),Wrocław - Wroclavia,22:20,2D,original,regular,1.0,https://tickets.cinema-city.pl/api/order/1720827?lang=pl,2026-10-05T16:55:15.834966
2026-10-05,wrocław,Lalka,Wrocław - Wroclavia,22:20,2D,original,regular,1.0,https://tickets.cinema-city.pl/api/order/1725390?lang=pl,2026-10-05T16:55:15.834975
2026-10-05,wrocław,Niebo nad Normandią,Wrocław - Wroclavia,22:30,2D,original,regular,1.0,https://tickets.cinema-city.pl/api/order/1719484?lang=pl,2026-10-05T16:55:15.834987
2026-10-05,wrocław,Hot Spot,Wrocław - Wroclavia,22:30,2D,original,regular,1.0,https://tickets.cinema-city.pl/api/order/1719564?lang=pl,2026-10-05T16:55:15.834998
2026-10-05,wrocław,W sercu dziczy,Wrocław - Wroclavia,22:30,2D,original,regular,1.0,https://tickets.cinema-city.pl/api/order/1719628?lang=pl,2026-10-05T16:55:15.835008
2026-10-05,zielona-góra,Verity. Coraz większy mrok,Zielona Góra,19:30,2D,original,regular,1.0,https://tickets.cinema-city.pl/api/order/1727209?lang=pl,2026-10-05T16:55:17.657600
2026-10-05,zielona-góra,Lalka,Zielona Góra,19:45,2D,original,regular,1.0,https://tickets.cinema-city.pl/api/order/1721958?lang=pl,2026-10-05T16:55:17.657628
2026-10-05,zielona-góra,Rolling Loud. Film,Zielona Góra,19:45,2D,original,regular,1.0,https://tickets.cinema-city.pl/api/order/1730309?lang=pl,2026-10-05T16:55:17.657643
2026-10-05,zielona-góra,Lalka,Zielona Góra,19:50,2D,original,regular,1.0,https://tickets.cinema-city.pl/api/order/1729943?lang=pl,2026-10-05T16:55:17.657655
2026-10-05,zielona-góra,Resident Evil,Zielona Góra,20:00,2D,original,regular,1.0,https://tickets.cinema-city.pl/api/order/1728942?lang=pl,2026-10-05T16:55:17.657668
2026-10-05,zielona-góra,Avengers: Koniec gry – wersja rozszerzona,Zielona Góra,20:30,2D,original,regular,1.0,https://tickets.cinema-city.pl/api/order/1722851?lang=pl,2026-10-05T16:55:17.657684
2026-10-05,zielona-góra,Lalka,Zielona Góra,20:45,2D,original,regular,1.0,https://tickets.cinema-city.pl/api/order/1720396?lang=pl,2026-10-05T16:55:17.657695
2026-10-05,zielona-góra,W sercu dziczy,Zielona Góra,21:10,2D,original,regular,1.0,https://tickets.cinema-city.pl/api/order/1723413?lang=pl,2026-10-05T16:55:17.657708
2026-10-05,zielona-góra,W sercu dziczy,Zielona Góra,21:50,2D,original,regular,1.0,https://tickets.cinema-city.pl/api/order/1725453?lang=pl,2026-10-05T16:55:17.657719
2026-10-05,zielona-góra,Odyseja,Zielona Góra,22:00,2D,original,regular,1.0,https://tickets.cinema-city.pl/api/order/1730314?lang=pl,2026-10-05T16:55:17.657732
2026-10-05,zielona-góra,Verity. Coraz większy mrok,Zielona Góra,22:10,2D,original,regular,1.0,https://tickets.cinema-city.pl/api/order/1727284?lang=pl,2026-10-05T16:55:17.657744
2026-10-05,zielona-góra,Resident Evil,Zielona Góra,22:20,2D,original,regular,1.0,https://tickets.cinema-city.pl/api/order/1728943?lang=pl,2026-10-05T16:55:17.657755
