date,city,movie_title,cinema_name,time,format,language,event_type,scraped_at
2026-01-10,warszawa,Miss Moxy. Kocia ekipa (dubbing),Helios Warszawa Blue City,10:30,2D,dubbing,helios-dla-dzieci,2026-08-30T13:39:23.236494
2026-01-10,warszawa,Miss Moxy. Kocia ekipa (dubbing),Helios Warszawa Blue City,12:30,2D,dubbing,helios-dla-dzieci,2026-08-30T13:39:23.236505
2026-01-10,lodz,Miss Moxy. Kocia ekipa (dubbing),Helios Lodz,10:30,2D,dubbing,helios-dla-dzieci,2026-08-30T13:39:23.236510
2026-01-10,lodz,Miss Moxy. Kocia ekipa (dubbing),Helios Lodz,12:30,2D,dubbing,helios-dla-dzieci,2026-08-30T13:39:23.236512
2026-01-10,wroclaw,Miss Moxy. Kocia ekipa (dubbing),Helios Wroclaw Magnolia Park,10:30,2D,dubbing,helios-dla-dzieci,2026-08-30T13:39:23.236516
2026-01-10,wroclaw,Miss Moxy. Kocia ekipa (dubbing),Helios Wroclaw Magnolia Park,12:30,2D,dubbing,helios-dla-dzieci,2026-08-30T13:39:23.236520
2026-01-10,wroclaw,Miss Moxy. Kocia ekipa (dubbing),Helios Wroclaw Aleja Bielany,10:30,2D,dubbing,helios-dla-dzieci,2026-08-30T13:39:23.236525
2026-01-10,wroclaw,Miss Moxy. Kocia ekipa (dubbing),Helios Wroclaw Aleja Bielany,12:30,2D,dubbing,helios-dla-dzieci,2026-08-30T13:39:23.236528
2026-01-10,gdansk,Miss Moxy. Kocia ekipa (dubbing),Helios Gdansk Alfa Centrum,10:30,2D,dubbing,helios-dla-dzieci,2026-08-30T13:39:23.236532
2026-01-10,gdansk,Miss Moxy. Kocia ekipa (dubbing),Helios Gdansk Alfa Centrum,12:30,2D,dubbing,helios-dla-dzieci,2026-08-30T13:39:23.236534
2026-01-10,gdansk,Miss Moxy. Kocia ekipa (dubbing),Helios Gdansk Forum,10:30,2D,dubbing,helios-dla-dzieci,2026-08-30T13:39:23.236537
2026-01-10,gdansk,Miss Moxy. Kocia ekipa (dubbing),Helios Gdansk Forum,12:30,2D,dubbing,helios-dla-dzieci,2026-08-30T13:39:23.236539
2026-01-10,bialystok,Miss Moxy. Kocia ekipa (dubbing),Helios Bialystok Alfa,10:30,2D,dubbing,helios-dla-dzieci,2026-08-30T13:39:23.236542
2026-01-10,bialystok,Miss Moxy. Kocia ekipa (dubbing),Helios Bialystok Alfa,12:30,2D,dubbing,helios-dla-dzieci,2026-08-30T13:39:23.236544
2026-01-10,bialystok,Miss Moxy. Kocia ekipa (dubbing),Helios Bialystok Galeria Biala,10:30,2D,dubbing,helios-dla-dzieci,2026-08-30T13:39:23.236548
2026-01-10,bialystok,Miss Moxy. Kocia ekipa (dubbing),Helios Bialystok Galeria Biala,12:30,2D,dubbing,helios-dla-dzieci,2026-08-30T13:39:23.236549
2026-01-10,bialystok,Miss Moxy. Kocia ekipa (dubbing),Helios Bialystok Galeria Jurowiecka,10:30,2D,dubbing,helios-dla-dzieci,2026-08-30T13:39:23.236553
2026-01-10,bialystok,Miss Moxy. Kocia ekipa (dubbing),Helios Bialystok Galeria Jurowiecka,12:30,2D,dubbing,helios-dla-dzieci,2026-08-30T13:39:23.236555
2026-01-10,szczecin,Miss Moxy. Kocia ekipa (dubbing),Helios Szczecin Outlet Park,10:30,2D,dubbing,helios-dla-dzieci,2026-08-30T13:39:23.236558
2026-01-10,szczecin,Miss Moxy. Kocia ekipa (dubbing),Helios Szczecin Outlet Park,12:30,2D,dubbing,helios-dla-dzieci,2026-08-30T13:39:23.236560
2026-01-10,szczecin,Miss Moxy. Kocia ekipa (dubbing),Helios Szczecin Kupiec,10:30,2D,dubbing,helios-dla-dzieci,2026-08-30T13:39:23.236562
2026-01-10,szczecin,Miss Moxy. Kocia ekipa (dubbing),Helios Szczecin Kupiec,12:30,2D,dubbing,helios-dla-dzieci,2026-08-30T13:39:23.236564
2026-01-10,katowice,Miss Moxy. Kocia ekipa (dubbing),Helios Katowice,10:30,2D,dubbing,helios-dla-dzieci,2026-08-30T13:39:23.236567
2026-01-10,katowice,Miss Moxy. Kocia ekipa (dubbing),Helios Katowice,12:30,2D,dubbing,helios-dla-dzieci,2026-08-30T13:39:23.236569
2026-01-10,krakow,Miss Moxy. Kocia ekipa (dubbing),Helios Krakow,10:30,2D,dubbing,helios-dla-dzieci,2026-08-30T13:39:23.236571
2026-01-10,krakow,Miss Moxy. Kocia ekipa (dubbing),Helios Krakow,12:30,2D,dubbing,helios-dla-dzieci,2026-08-30T13:39:23.236573
2026-01-10,poznan,Miss Moxy. Kocia ekipa (dubbing),Helios Poznan Arena,10:30,2D,dubbing,helios-dla-dzieci,2026-08-30T13:39:23.236575
2026-01-10,poznan,Miss Moxy. Kocia ekipa (dubbing),Helios Poznan Arena,12:30,2D,dubbing,helios-dla-dzieci,2026-08-30T13:39:23.236577
2026-01-10,poznan,Miss Moxy. Kocia ekipa (dubbing),Helios Poznan Pestka,10:30,2D,dubbing,helios-dla-dzieci,2026-08-30T13:39:23.236580
2026-01-10,poznan,Miss Moxy. Kocia ekipa (dubbing),Helios Poznan Pestka,12:30,2D,dubbing,helios-dla-dzieci,2026-08-30T13:39:23.236581
2026-01-10,opole,Miss Moxy. Kocia ekipa (dubbing),Helios Opole Solaris,10:30,2D,dubbing,helios-dla-dzieci,2026-08-30T13:39:23.236588
2026-01-10,opole,Miss Moxy. Kocia ekipa (dubbing),Helios Opole Solaris,12:30,2D,dubbing,helios-dla-dzieci,2026-08-30T13:39:23.236590
2026-01-10,opole,Miss Moxy. Kocia ekipa (dubbing),Helios Opole Karolinka,10:30,2D,dubbing,helios-dla-dzieci,2026-08-30T13:39:23.236593
2026-01-10,opole,Miss Moxy. Kocia ekipa (dubbing),Helios Opole Karolinka,12:30,2D,dubbing,helios-dla-dzieci,2026-08-30T13:39:23.236594
2026-01-10,olsztyn,Miss Moxy. Kocia ekipa (dubbing),Helios Olsztyn,10:30,2D,dubbing,helios-dla-dzieci,2026-08-30T13:39:23.236597
2026-01-10,olsztyn,Miss Moxy. Kocia ekipa (dubbing),Helios Olsztyn,12:30,2D,dubbing,helios-dla-dzieci,2026-08-30T13:39:23.236599
2026-01-10,torun,Miss Moxy. Kocia ekipa (dubbing),Helios Torun,10:30,2D,dubbing,helios-dla-dzieci,2026-08-30T13:39:23.236601
2026-01-10,torun,Miss Moxy. Kocia ekipa (dubbing),Helios Torun,12:30,2D,dubbing,helios-dla-dzieci,2026-08-30T13:39:23.236603
2026-01-10,kielce,Miss Moxy. Kocia ekipa (dubbing),Helios Kielce,10:30,2D,dubbing,helios-dla-dzieci,2026-08-30T13:39:23.236605
2026-01-10,kielce,Miss Moxy. Kocia ekipa (dubbing),Helios Kielce,12:30,2D,dubbing,helios-dla-dzieci,2026-08-30T13:39:23.236607
2026-01-10,rzeszow,Miss Moxy. Kocia ekipa (dubbing),Helios Rzeszow,10:30,2D,dubbing,helios-dla-dzieci,2026-08-30T13:39:23.236609
2026-01-10,rzeszow,Miss Moxy. Kocia ekipa (dubbing),Helios Rzeszow,12:30,2D,dubbing,helios-dla-dzieci,2026-08-30T13:39:23.236611
2026-01-10,lublin,Miss Moxy. Kocia ekipa (dubbing),Helios Lublin Plaza,10:30,2D,dubbing,helios-dla-dzieci,2026-08-30T13:39:23.236613
2026-01-10,lublin,Miss Moxy. Kocia ekipa (dubbing),Helios Lublin Plaza,12:30,2D,dubbing,helios-dla-dzieci,2026-08-30T13:39:23.236615
2026-01-10,bydgoszcz,Miss Moxy. Kocia ekipa (dubbing),Helios Bydgoszcz Focus,10:30,2D,dubbing,helios-dla-dzieci,2026-08-30T13:39:23.236618
2026-01-10,bydgoszcz,Miss Moxy. Kocia ekipa (dubbing),Helios Bydgoszcz Focus,12:30,2D,dubbing,helios-dla-dzieci,2026-08-30T13:39:23.236619
2026-01-10,czestochowa,Miss Moxy. Kocia ekipa (dubbing),Helios Czestochowa Galeria Jurajska,10:30,2D,dubbing,helios-dla-dzieci,2026-08-30T13:39:23.236622
2026-01-10,czestochowa,Miss Moxy. Kocia ekipa (dubbing),Helios Czestochowa Galeria Jurajska,12:30,2D,dubbing,helios-dla-dzieci,2026-08-30T13:39:23.236624
2026-01-10,radom,Miss Moxy. Kocia ekipa (dubbing),Helios Radom,10:30,2D,dubbing,helios-dla-dzieci,2026-08-30T13:39:23.236626
2026-01-10,radom,Miss Moxy. Kocia ekipa (dubbing),Helios Radom,12:30,2D,dubbing,helios-dla-dzieci,2026-08-30T13:39:23.236628
2026-01-10,gliwice,Miss Moxy. Kocia ekipa (dubbing),Helios Gliwice Arena,10:30,2D,dubbing,helios-dla-dzieci,2026-08-30T13:39:23.236630
2026-01-10,gliwice,Miss Moxy. Kocia ekipa (dubbing),Helios Gliwice Arena,12:30,2D,dubbing,helios-dla-dzieci,2026-08-30T13:39:23.236634
2026-01-10,sosnowiec,Miss Moxy. Kocia ekipa (dubbing),Helios Sosnowiec Plaza,10:30,2D,dubbing,helios-dla-dzieci,2026-08-30T13:39:23.236637
2026-01-10,sosnowiec,Miss Moxy. Kocia ekipa (dubbing),Helios Sosnowiec Plaza,12:30,2D,dubbing,helios-dla-dzieci,2026-08-30T13:39:23.236638
2026-01-10,siedlce,Miss Moxy. Kocia ekipa (dubbing),Helios Siedlce,10:30,2D,dubbing,helios-dla-dzieci,2026-08-30T13:39:23.236641
2026-01-10,siedlce,Miss Moxy. Kocia ekipa (dubbing),Helios Siedlce,12:30,2D,dubbing,helios-dla-dzieci,2026-08-30T13:39:23.236642
2026-01-10,plock,Miss Moxy. Kocia ekipa (dubbing),Helios Plock Galeria Wisla,10:30,2D,dubbing,helios-dla-dzieci,2026-08-30T13:39:23.236645
2026-01-10,plock,Miss Moxy. Kocia ekipa (dubbing),Helios Plock Galeria Wisla,12:30,2D,dubbing,helios-dla-dzieci,2026-08-30T13:39:23.236647
2026-01-10,legnica,Miss Moxy. Kocia ekipa (dubbing),Helios Legnica,10:30,2D,dubbing,helios-dla-dzieci,2026-08-30T13:39:23.236649
2026-01-10,legnica,Miss Moxy. Kocia ekipa (dubbing),Helios Legnica,12:30,2D,dubbing,helios-dla-dzieci,2026-08-30T13:39:23.236651
2026-01-10,gorzow-wielkopolski,Miss Moxy. Kocia ekipa (dubbing),Helios Gorzow Wielkopolski Askana,10:30,2D,dubbing,helios-dla-dzieci,2026-08-30T13:39:23.236654
2026-01-10,gorzow-wielkopolski,Miss Moxy. Kocia ekipa (dubbing),Helios Gorzow Wielkopolski Askana,12:30,2D,dubbing,helios-dla-dzieci,2026-08-30T13:39:23.236656
2026-01-11,warszawa,Miss Moxy. Kocia ekipa (dubbing),Helios Warszawa Blue City,10:30,2D,dubbing,helios-dla-dzieci,2026-08-30T13:39:23.236659
2026-01-11,warszawa,Miss Moxy. Kocia ekipa (dubbing),Helios Warszawa Blue City,12:30,2D,dubbing,helios-dla-dzieci,2026-08-30T13:39:23.236661
2026-01-11,lodz,Miss Moxy. Kocia ekipa (dubbing),Helios Lodz,10:30,2D,dubbing,helios-dla-dzieci,2026-08-30T13:39:23.236663
2026-01-11,lodz,Miss Moxy. Kocia ekipa (dubbing),Helios Lodz,12:30,2D,dubbing,helios-dla-dzieci,2026-08-30T13:39:23.236665
2026-01-11,wroclaw,Miss Moxy. Kocia ekipa (dubbing),Helios Wroclaw Magnolia Park,10:30,2D,dubbing,helios-dla-dzieci,2026-08-30T13:39:23.236668
2026-01-11,wroclaw,Miss Moxy. Kocia ekipa (dubbing),Helios Wroclaw Magnolia Park,12:30,2D,dubbing,helios-dla-dzieci,2026-08-30T13:39:23.236670
2026-01-11,wroclaw,Miss Moxy. Kocia ekipa (dubbing),Helios Wroclaw Aleja Bielany,10:30,2D,dubbing,helios-dla-dzieci,2026-08-30T13:39:23.236672
2026-01-11,wroclaw,Miss Moxy. Kocia ekipa (dubbing),Helios Wroclaw Aleja Bielany,12:30,2D,dubbing,helios-dla-dzieci,2026-08-30T13:39:23.236674
2026-01-11,gdansk,Miss Moxy. Kocia ekipa (dubbing),Helios Gdansk Alfa Centrum,10:30,2D,dubbing,helios-dla-dzieci,2026-08-30T13:39:23.236678
2026-01-11,gdansk,Miss Moxy. Kocia ekipa (dubbing),Helios Gdansk Alfa Centrum,12:30,2D,dubbing,helios-dla-dzieci,2026-08-30T13:39:23.236680
2026-01-11,gdansk,Miss Moxy. Kocia ekipa (dubbing),Helios Gdansk Forum,10:30,2D,dubbing,helios-dla-dzieci,2026-08-30T13:39:23.236682
2026-01-11,gdansk,Miss Moxy. Kocia ekipa (dubbing),Helios Gdansk Forum,12:30,2D,dubbing,helios-dla-dzieci,2026-08-30T13:39:23.236684
2026-01-11,bialystok,Miss Moxy. Kocia ekipa (dubbing),Helios Bialystok Alfa,10:30,2D,dubbing,helios-dla-dzieci,2026-08-30T13:39:23.236687
2026-01-11,bialystok,Miss Moxy. Kocia ekipa (dubbing),Helios Bialystok Alfa,12:30,2D,dubbing,helios-dla-dzieci,2026-08-30T13:39:23.236688
2026-01-11,bialystok,Miss Moxy. Kocia ekipa (dubbing),Helios Bialystok Galeria Biala,10:30,2D,dubbing,helios-dla-dzieci,2026-08-30T13:39:23.236691
2026-01-11,bialystok,Miss Moxy. Kocia ekipa (dubbing),Helios Bialystok Galeria Biala,12:30,2D,dubbing,helios-dla-dzieci,2026-08-30T13:39:23.236693
2026-01-11,bialystok,Miss Moxy. Kocia ekipa (dubbing),Helios Bialystok Galeria Jurowiecka,10:30,2D,dubbing,helios-dla-dzieci,2026-08-30T13:39:23.236695
2026-01-11,bialystok,Miss Moxy. Kocia ekipa (dubbing),Helios Bialystok Galeria Jurowiecka,12:30,2D,dubbing,helios-dla-dzieci,2026-08-30T13:39:23.236697
2026-01-11,szczecin,Miss Moxy. Kocia ekipa (dubbing),Helios Szczecin Outlet Park,10:30,2D,dubbing,helios-dla-dzieci,2026-08-30T13:39:23.236700
2026-01-11,szczecin,Miss Moxy. Kocia ekipa (dubbing),Helios Szczecin Outlet Park,12:30,2D,dubbing,helios-dla-dzieci,2026-08-30T13:39:23.236702
2026-01-11,szczecin,Miss Moxy. Kocia ekipa (dubbing),Helios Szczecin Kupiec,10:30,2D,dubbing,helios-dla-dzieci,2026-08-30T13:39:23.236704
2026-01-11,szczecin,Miss Moxy. Kocia ekipa (dubbing),Helios Szczecin Kupiec,12:30,2D,dubbing,helios-dla-dzieci,2026-08-30T13:39:23.236706
2026-01-11,katowice,Miss Moxy. Kocia ekipa (dubbing),Helios Katowice,10:30,2D,dubbing,helios-dla-dzieci,2026-08-30T13:39:23.236708
2026-01-11,katowice,Miss Moxy. Kocia ekipa (dubbing),Helios Katowice,12:30,2D,dubbing,helios-dla-dzieci,2026-08-30T13:39:23.236710
2026-01-11,krakow,Miss Moxy. Kocia ekipa (dubbing),Helios Krakow,10:30,2D,dubbing,helios-dla-dzieci,2026-08-30T13:39:23.236712
2026-01-11,krakow,Miss Moxy. Kocia ekipa (dubbing),Helios Krakow,12:30,2D,dubbing,helios-dla-dzieci,2026-08-30T13:39:23.236714
2026-01-11,poznan,Miss Moxy. Kocia ekipa (dubbing),Helios Poznan Arena,10:30,2D,dubbing,helios-dla-dzieci,2026-08-30T13:39:23.236716
2026-01-11,poznan,Miss Moxy. Kocia ekipa (dubbing),Helios Poznan Arena,12:30,2D,dubbing,helios-dla-dzieci,2026-08-30T13:39:23.236718
2026-01-11,poznan,Miss Moxy. Kocia ekipa (dubbing),Helios Poznan Pestka,10:30,2D,dubbing,helios-dla-dzieci,2026-08-30T13:39:23.236720
2026-01-11,poznan,Miss Moxy. Kocia ekipa (dubbing),Helios Poznan Pestka,12:30,2D,dubbing,helios-dla-dzieci,2026-08-30T13:39:23.236727
2026-01-11,opole,Miss Moxy. Kocia ekipa (dubbing),Helios Opole Solaris,10:30,2D,dubbing,helios-dla-dzieci,2026-08-30T13:39:23.236730
2026-01-11,opole,Miss Moxy. Kocia ekipa (dubbing),Helios Opole Solaris,12:30,2D,dubbing,helios-dla-dzieci,2026-08-30T13:39:23.236731
2026-01-11,opole,Miss Moxy. Kocia ekipa (dubbing),Helios Opole Karolinka,10:30,2D,dubbing,helios-dla-dzieci,2026-08-30T13:39:23.236734
2026-01-11,opole,Miss Moxy. Kocia ekipa (dubbing),Helios Opole Karolinka,12:30,2D,dubbing,helios-dla-dzieci,2026-08-30T13:39:23.236736
2026-01-11,olsztyn,Miss Moxy. Kocia ekipa (dubbing),Helios Olsztyn,10:30,2D,dubbing,helios-dla-dzieci,2026-08-30T13:39:23.236738
2026-01-11,olsztyn,Miss Moxy. Kocia ekipa (dubbing),Helios Olsztyn,12:30,2D,dubbing,helios-dla-dzieci,2026-08-30T13:39:23.236740
2026-01-11,torun,Miss Moxy. Kocia ekipa (dubbing),Helios Torun,10:30,2D,dubbing,helios-dla-dzieci,2026-08-30T13:39:23.236742
2026-01-11,torun,Miss Moxy. Kocia ekipa (dubbing),Helios Torun,12:30,2D,dubbing,helios-dla-dzieci,2026-08-30T13:39:23.236744
2026-01-11,kielce,Miss Moxy. Kocia ekipa (dubbing),Helios Kielce,10:30,2D,dubbing,helios-dla-dzieci,2026-08-30T13:39:23.236746
2026-01-11,kielce,Miss Moxy. Kocia ekipa (dubbing),Helios Kielce,12:30,2D,dubbing,helios-dla-dzieci,2026-08-30T13:39:23.236748
2026-01-11,rzeszow,Miss Moxy. Kocia ekipa (dubbing),Helios Rzeszow,10:30,2D,dubbing,helios-dla-dzieci,2026-08-30T13:39:23.236750
2026-01-11,rzeszow,Miss Moxy. Kocia ekipa (dubbing),Helios Rzeszow,12:30,2D,dubbing,helios-dla-dzieci,2026-08-30T13:39:23.236752
2026-01-11,lublin,Miss Moxy. Kocia ekipa (dubbing),Helios Lublin Plaza,10:30,2D,dubbing,helios-dla-dzieci,2026-08-30T13:39:23.236754
2026-01-11,lublin,Miss Moxy. Kocia ekipa (dubbing),Helios Lublin Plaza,12:30,2D,dubbing,helios-dla-dzieci,2026-08-30T13:39:23.236756
2026-01-11,bydgoszcz,Miss Moxy. Kocia ekipa (dubbing),Helios Bydgoszcz Focus,10:30,2D,dubbing,helios-dla-dzieci,2026-08-30T13:39:23.236758
2026-01-11,bydgoszcz,Miss Moxy. Kocia ekipa (dubbing),Helios Bydgoszcz Focus,12:30,2D,dubbing,helios-dla-dzieci,2026-08-30T13:39:23.236760
2026-01-11,czestochowa,Miss Moxy. Kocia ekipa (dubbing),Helios Czestochowa Galeria Jurajska,10:30,2D,dubbing,helios-dla-dzieci,2026-08-30T13:39:23.236763
2026-01-11,czestochowa,Miss Moxy. Kocia ekipa (dubbing),Helios Czestochowa Galeria Jurajska,12:30,2D,dubbing,helios-dla-dzieci,2026-08-30T13:39:23.236765
2026-01-11,radom,Miss Moxy. Kocia ekipa (dubbing),Helios Radom,10:30,2D,dubbing,helios-dla-dzieci,2026-08-30T13:39:23.236767
2026-01-11,radom,Miss Moxy. Kocia ekipa (dubbing),Helios Radom,12:30,2D,dubbing,helios-dla-dzieci,2026-08-30T13:39:23.236770
2026-01-11,gliwice,Miss Moxy. Kocia ekipa (dubbing),Helios Gliwice Arena,10:30,2D,dubbing,helios-dla-dzieci,2026-08-30T13:39:23.236773
2026-01-11,gliwice,Miss Moxy. Kocia ekipa (dubbing),Helios Gliwice Arena,12:30,2D,dubbing,helios-dla-dzieci,2026-08-30T13:39:23.236775
2026-01-11,sosnowiec,Miss Moxy. Kocia ekipa (dubbing),Helios Sosnowiec Plaza,10:30,2D,dubbing,helios-dla-dzieci,2026-08-30T13:39:23.236777
2026-01-11,sosnowiec,Miss Moxy. Kocia ekipa (dubbing),Helios Sosnowiec Plaza,12:30,2D,dubbing,helios-dla-dzieci,2026-08-30T13:39:23.236779
2026-01-11,siedlce,Miss Moxy. Kocia ekipa (dubbing),Helios Siedlce,10:30,2D,dubbing,helios-dla-dzieci,2026-08-30T13:39:23.236781
2026-01-11,siedlce,Miss Moxy. Kocia ekipa (dubbing),Helios Siedlce,12:30,2D,dubbing,helios-dla-dzieci,2026-08-30T13:39:23.236783
2026-01-11,plock,Miss Moxy. Kocia ekipa (dubbing),Helios Plock Galeria Wisla,10:30,2D,dubbing,helios-dla-dzieci,2026-08-30T13:39:23.236785
2026-01-11,plock,Miss Moxy. Kocia ekipa (dubbing),Helios Plock Galeria Wisla,12:30,2D,dubbing,helios-dla-dzieci,2026-08-30T13:39:23.236787
2026-01-11,legnica,Miss Moxy. Kocia ekipa (dubbing),Helios Legnica,10:30,2D,dubbing,helios-dla-dzieci,2026-08-30T13:39:23.236789
2026-01-11,legnica,Miss Moxy. Kocia ekipa (dubbing),Helios Legnica,12:30,2D,dubbing,helios-dla-dzieci,2026-08-30T13:39:23.236791
2026-01-11,gorzow-wielkopolski,Miss Moxy. Kocia ekipa (dubbing),Helios Gorzow Wielkopolski Askana,10:30,2D,dubbing,helios-dla-dzieci,2026-08-30T13:39:23.236794
2026-01-11,gorzow-wielkopolski,Miss Moxy. Kocia ekipa (dubbing),Helios Gorzow Wielkopolski Askana,12:30,2D,dubbing,helios-dla-dzieci,2026-08-30T13:39:23.236796
2026-01-10,warszawa,Mała Amelia,Helios Warszawa Blue City,15:00,2D,dubbing,helios-anime,2026-08-30T13:39:23.236798
2026-01-10,lodz,Mała Amelia,Helios Lodz,15:00,2D,dubbing,helios-anime,2026-08-30T13:39:23.236801
2026-01-10,wroclaw,Mała Amelia,Helios Wroclaw Magnolia Park,15:00,2D,dubbing,helios-anime,2026-08-30T13:39:23.236803
2026-01-10,wroclaw,Mała Amelia,Helios Wroclaw Aleja Bielany,15:00,2D,dubbing,helios-anime,2026-08-30T13:39:23.236806
2026-01-10,gdansk,Mała Amelia,Helios Gdansk Alfa Centrum,15:00,2D,dubbing,helios-anime,2026-08-30T13:39:23.236808
2026-01-10,gdansk,Mała Amelia,Helios Gdansk Forum,15:00,2D,dubbing,helios-anime,2026-08-30T13:39:23.236811
2026-01-10,bialystok,Mała Amelia,Helios Bialystok Alfa,15:00,2D,dubbing,helios-anime,2026-08-30T13:39:23.236813
2026-01-10,bialystok,Mała Amelia,Helios Bialystok Galeria Biala,15:00,2D,dubbing,helios-anime,2026-08-30T13:39:23.236816
2026-01-10,bialystok,Mała Amelia,Helios Bialystok Galeria Jurowiecka,15:00,2D,dubbing,helios-anime,2026-08-30T13:39:23.236820
2026-01-10,szczecin,Mała Amelia,Helios Szczecin Outlet Park,15:00,2D,dubbing,helios-anime,2026-08-30T13:39:23.236823
2026-01-11,warszawa,Mała Amelia,Helios Warszawa Blue City,15:00,2D,dubbing,helios-anime,2026-08-30T13:39:23.236825
2026-01-11,lodz,Mała Amelia,Helios Lodz,15:00,2D,dubbing,helios-anime,2026-08-30T13:39:23.236828
2026-01-11,wroclaw,Mała Amelia,Helios Wroclaw Magnolia Park,15:00,2D,dubbing,helios-anime,2026-08-30T13:39:23.236830
2026-01-11,wroclaw,Mała Amelia,Helios Wroclaw Aleja Bielany,15:00,2D,dubbing,helios-anime,2026-08-30T13:39:23.236833
2026-01-11,gdansk,Mała Amelia,Helios Gdansk Alfa Centrum,15:00,2D,dubbing,helios-anime,2026-08-30T13:39:23.236835
2026-01-11,gdansk,Mała Amelia,Helios Gdansk Forum,15:00,2D,dubbing,helios-anime,2026-08-30T13:39:23.236837
2026-01-11,bialystok,Mała Amelia,Helios Bialystok Alfa,15:00,2D,dubbing,helios-anime,2026-08-30T13:39:23.236840
2026-01-11,bialystok,Mała Amelia,Helios Bialystok Galeria Biala,15:00,2D,dubbing,helios-anime,2026-08-30T13:39:23.236842
2026-01-11,bialystok,Mała Amelia,Helios Bialystok Galeria Jurowiecka,15:00,2D,dubbing,helios-anime,2026-08-30T13:39:23.236846
2026-01-11,szczecin,Mała Amelia,Helios Szczecin Outlet Park,15:00,2D,dubbing,helios-anime,2026-08-30T13:39:23.236849
